道路编号,设备编号,设备名称,部门编码,部门名称,坐标,启用时间,x坐标,y坐标
6.00312E+11,4.205E+19,高新-大连路汕头路口南向北,4.205E+11,宜昌支队高新区大队,"111.33272,30.70787",2020/4/15,111.33272,30.70787
6.00312E+11,4.205E+19,高新-大连路汕头路口南向北卡口,4.205E+11,宜昌支队高新区大队,"111.33273,30.70791",2020/4/15,111.33273,30.70791
6.00312E+11,4.205E+19,高新-大连路汕头路口西向东,4.205E+11,宜昌支队高新区大队,"111.33266,30.70825",2020/4/15,111.33266,30.70825
6.00312E+11,4.205E+19,高新-大连路汕头路口东向西卡口,4.205E+11,宜昌支队高新区大队,"111.33307,30.70797",2020/4/15,111.33307,30.70797
6.00072E+11,4.20502E+19,西陵-体育场路绿萝路口西向东卡口,4.20502E+11,宜昌支队西陵大队,"111.30211,30.70624",2020/4/16,111.30211,30.70624
6.00341E+11,4.20502E+19,西陵-东山四路锦江大道口东向西卡口,4.20502E+11,宜昌支队西陵大队,"111.33272,30.73896",2020/4/23,111.33272,30.73896
6.00032E+11,4.20502E+19,西陵-东山大道果园二路站西向东卡口,4.20502E+11,宜昌支队西陵大队,"111.29877,30.69596",2019/1/1,111.29877,30.69596
6.00341E+11,4.20502E+19,西陵-东山四路锦江大道口西向东,4.20502E+11,宜昌支队西陵大队,"111.33241,30.73923",2020/4/23,111.33241,30.73923
6.00341E+11,4.20502E+19,西陵-东山四路锦江大道口西向东卡口,4.20502E+11,宜昌支队西陵大队,"111.33236,30.7393",2020/4/23,111.33236,30.7393
6.00012E+11,4.20502E+19,西陵-沿江大道环城南路口东向西卡口,4.20502E+11,宜昌支队西陵大队,"111.28176,30.6952",2020/4/9,111.28176,30.6952
6.00132E+11,4.20503E+19,伍家-伍临路沈家店路东向西卡口,4.20503E+11,宜昌支队伍家大队,"111.36239,30.63749",2020/4/24,111.36239,30.63749
6.00312E+11,4.205E+19,高新-大连路汕头路口北向南,4.205E+11,宜昌支队高新区大队,"111.33302,30.70833",2020/4/15,111.33302,30.70833
6.00312E+11,4.205E+19,高新-大连路汕头路口北向南卡口,4.205E+11,宜昌支队高新区大队,"111.33309,30.70843",2020/4/15,111.33309,30.70843
6.00312E+11,4.205E+19,高新-大连路汕头路口西向东卡口,4.205E+11,宜昌支队高新区大队,"111.33261,30.70829",2020/4/15,111.33261,30.70829
6.00312E+11,4.205E+19,高新-大连路汕头路口东向西,4.205E+11,宜昌支队高新区大队,"111.33301,30.70798",2020/4/15,111.33301,30.70798
6.00341E+11,4.20503E+19,西陵-东山四路桔颂路口北向南卡口,4.20502E+11,宜昌支队西陵大队,"111.32566,30.75519",2020/5/18,111.32566,30.75519
6.00341E+11,4.20503E+19,西陵-东山四路桔颂路口南向北卡口,4.20502E+11,宜昌支队西陵大队,"111.32437,30.75462",2020/5/18,111.32437,30.75462
6.00341E+11,4.20503E+19,西陵-东山四路桔颂路口东向西卡口,4.20502E+11,宜昌支队西陵大队,"111.32576,30.75427",2020/5/18,111.32576,30.75427
6.00341E+11,4.20503E+19,西陵-东山四路桔颂路口西向东卡口,4.20502E+11,宜昌支队西陵大队,"111.32489,30.75601",2020/5/18,111.32489,30.75601
6.05032E+11,4.20505E+19,V亭-金岭路民主路口东向西卡口,4.20505E+11,宜昌支队V亭大队,"111.42707,30.53739",2020/5/21,111.42707,30.53739
6.05032E+11,4.20505E+19,V亭-金岭路民主路口西向东卡口,4.20505E+11,宜昌支队V亭大队,"111.42666,30.53806",2020/5/21,111.42666,30.53806
6.00022E+11,4.20502E+19,西陵-夷陵大道西陵二路口南向北卡口,4.20502E+11,宜昌支队西陵大队,"111.29138,30.70866",2020/4/8,111.29138,30.70866
600012048000,4.20502E+19,西陵-沿江大道西陵二路口东向西卡口,4.20502E+11,宜昌支队西陵大队,"111.28034,30.71141",2020/4/8,111.28034,30.71141
6.00132E+11,4.20503E+19,伍家-伍临路柏临路口东向西,4.20503E+11,宜昌支队伍家大队,"111.36713,30.63118",2020/4/23,111.36713,30.63118
6.00132E+11,4.20503E+19,伍家-伍临路柏临路口南向北,4.20503E+11,宜昌支队伍家大队,"111.36657,30.63123",2020/4/23,111.36657,30.63123
6.00012E+11,4.20503E+19,平湖-沿江大道石子岭路口北向南,4.20502E+11,宜昌支队平湖大队,"111.28943,30.72615",2020/5/15,111.28943,30.72615
6.00012E+11,4.20503E+19,平湖-石子岭路长虹路口南向北,4.20502E+11,宜昌支队平湖大队,"111.29092,30.72545",2020/5/15,111.29092,30.72545
7.00241E+11,4.205E+19,高新-桔乡路东站路口西向东(未接入),4.205E+11,宜昌支队高新区大队,"111.38405,30.67149",2020/4/7,111.38405,30.67149
6.00012E+11,4.20502E+19,西陵-沿江大道西陵二路口北向南卡口,4.20502E+11,宜昌支队西陵大队,"111.28052,30.71129",2020/4/7,111.28052,30.71129
6.00012E+11,4.20502E+19,西陵-沿江大道西陵二路口西向东卡口,4.20502E+11,宜昌支队西陵大队,"111.28029,30.71152",2020/4/7,111.28029,30.71152
6.00012E+11,4.20503E+19,平湖-沿江大道石子岭路口东向西,f40e813ad9364cf891bb595f7fbe6c7d,测试,"111.2893,30.72596",2020/5/25,111.2893,30.72596
6.00132E+11,4.20503E+19,伍家-伍临路柏临路口西向东,4.20503E+11,宜昌支队伍家大队,"111.36665,30.63165",2020/4/23,111.36665,30.63165
600042017000,4.20503E+19,伍家-城东大道中南路口东向西,4.20503E+11,宜昌支队伍家大队,"111.33116,30.67718",2018/12/1,111.33116,30.67718
6.00042E+11,4.20503E+19,伍家-城东大道东艳路口东向西,4.20503E+11,宜昌支队伍家大队,"111.35422,30.66449",2018/12/1,111.35422,30.66449
6.00042E+11,4.20503E+19,伍家-城东大道东艳路口西向东,4.20503E+11,宜昌支队伍家大队,"111.35422,30.66449",2018/12/1,111.35422,30.66449
6.00042E+11,4.20503E+19,伍家-城东大道东站路口东向西,4.20503E+11,宜昌支队伍家大队,"111.37834,30.65551",2018/12/1,111.37834,30.65551
6.00042E+11,4.20503E+19,伍家-城东大道合益路口东向西,4.20503E+11,宜昌支队伍家大队,"111.34455,30.67114",2018/12/1,111.34455,30.67114
6.00042E+11,4.20503E+19,伍家-城东大道合益路口西向东,4.20503E+11,宜昌支队伍家大队,"111.34455,30.67114",2018/12/1,111.34455,30.67114
6.00042E+11,4.20503E+19,伍家-城东大道桔城路口西向东,4.20503E+11,宜昌支队伍家大队,"111.36912,30.65669",2015/7/27,111.36912,30.65669
6.00042E+11,4.20503E+19,伍家-城东大道同强路口东向西,4.20503E+11,宜昌支队伍家大队,"111.37257,30.65619",2018/12/1,111.37257,30.65619
6.00042E+11,4.20503E+19,伍家-城东大道同强路口西向东,4.20503E+11,宜昌支队伍家大队,"111.37257,30.65619",2018/12/1,111.37257,30.65619
6.00042E+11,4.20503E+19,伍家-城东大道中南路口东向西卡口,4.20503E+11,宜昌支队伍家大队,"111.33116,30.67718",2018/12/1,111.33116,30.67718
6.00042E+11,4.20503E+19,伍家-城东大道中南路口西向东卡口,4.20503E+11,宜昌支队伍家大队,"111.33116,30.67718",2018/12/1,111.33116,30.67718
6.00042E+11,4.20503E+19,伍家-城东大道东艳路口东向西卡口,4.20503E+11,宜昌支队伍家大队,"111.35422,30.66449",2018/12/1,111.35422,30.66449
6.00042E+11,4.20503E+19,伍家-城东大道中南路口南向北卡口,4.20503E+11,宜昌支队伍家大队,"111.3316,30.67734",2018/12/1,111.3316,30.67734
6.00042E+11,4.20503E+19,伍家-城东大道中南路口北向南卡口,4.20503E+11,宜昌支队伍家大队,"111.3316,30.67734",2018/12/1,111.3316,30.67734
6.00022E+11,4.20503E+19,伍家-夷陵大道白沙路口南向北卡口,4.20503E+11,宜昌支队伍家大队,"111.35642,30.64427",2018/12/1,111.35642,30.64427
6.00042E+11,4.20503E+19,伍家-城东大道合益路口南向北卡口,4.20503E+11,宜昌支队伍家大队,"111.3446,30.671",2018/12/1,111.3446,30.671
6.00042E+11,4.20503E+19,伍家-城东大道合益路口北向南卡口,4.20503E+11,宜昌支队伍家大队,"111.3446,30.671",2018/12/1,111.3446,30.671
6.00042E+11,4.20503E+19,伍家-城东大道东站路口北向南卡口,4.20503E+11,宜昌支队伍家大队,"111.37179,30.657772",2018/12/1,111.37179,30.657772
6.00042E+11,4.20503E+19,伍家-城东大道安琪卡口(测速)西向东,4.20503E+11,宜昌支队伍家大队,"111.34885,30.66876",2014/3/14,111.34885,30.66876
6.04012E+11,4.20504E+19,点军-江南大道五龙路口东向西,4.20504E+11,宜昌支队点军大队,"111.28452,30.67453",2016/9/21,111.28452,30.67453
5.00031E+11,4.20504E+19,点军-点军大道江南大道口东向西,4.20504E+11,宜昌支队点军大队,"111.25923,30.7139",2017/1/9,111.25923,30.7139
6.04012E+11,4.20504E+19,点军-江南大道五龙路口南向北,4.20504E+11,宜昌支队点军大队,"111.28452,30.67453",2016/9/21,111.28452,30.67453
5.00031E+11,4.20504E+19,点军-点军大道江南大道口南向北,4.20504E+11,宜昌支队点军大队,"111.25892,30.71359",2017/1/9,111.25892,30.71359
5.00031E+11,4.20504E+19,点军-点军大道辅道老年大学路段南向北,4.20504E+11,宜昌支队点军大队,"111.24323,30.71298",2019/8/1,111.24323,30.71298
5.12346E+11,4.20504E+19,点军-点军大道江城大道桥下南向北卡口,4.20504E+11,宜昌支队点军大队,"111.25187,30.7132",2017/5/1,111.25187,30.7132
5.12346E+11,4.20504E+19,西陵-至喜长江大桥沿江上桥卡口东向西,4.20502E+11,宜昌支队西陵大队,"111.27975,30.71028",2016/1/1,111.27975,30.71028
5.12346E+11,4.20504E+19,西陵-西陵二路快速路科技高中卡口北向南,4.20502E+11,宜昌支队西陵大队,"111.28327,30.71016",2016/1/1,111.28327,30.71016
6.0401E+11,4.20504E+19,点军-五龙大道法院路口南向北卡口,4.20504E+11,宜昌支队点军大队,"111.2794,30.6727",2019/12/25,111.2794,30.6727
6.0401E+11,4.20504E+19,点军-紫阳大道三岔路口西向东卡口,4.20504E+11,宜昌支队点军大队,"111.26662,30.73763",2019/12/25,111.26662,30.73763
6.00012E+11,4.20502E+19,西陵-沿江大道环城南路口北向南卡口,4.20502E+11,宜昌支队西陵大队,"111.29826,30.69716",2020/4/9,111.29826,30.69716
6.0401E+11,4.20504E+19,点军-江南大道和达利厂东向西卡口,4.20504E+11,宜昌支队点军大队,"111.25866,30.70894",2017/1/1,111.25866,30.70894
6.04202E+11,4.20504E+19,点军-艾家卡口东向西,4.20504E+11,宜昌支队点军大队,"111.35075,30.62207",2019/12/25,111.35075,30.62207
6.04202E+11,4.20504E+19,点军-艾家卡口西向东,4.20504E+11,宜昌支队点军大队,"111.35075,30.62207",2019/12/25,111.35075,30.62207
6.04052E+11,4.20504E+19,点军-五龙大道(测速)南向北卡口,4.20504E+11,宜昌支队点军大队,"111.26349,30.67204",2016/3/14,111.26349,30.67204
6.04022E+11,4.20504E+19,点军-夷陵长江大桥(测速)南向北卡口,4.20504E+11,宜昌支队点军大队,"111.29725,30.68396",2019/12/25,111.29725,30.68396
6.04022E+11,4.20504E+19,点军-夷陵长江大桥(测速)北向南卡口,4.20504E+11,宜昌支队点军大队,"111.29391,30.68029",2019/12/25,111.29391,30.68029
6.04022E+11,4.20504E+19,点军-夷桥路磁电子厂(测速)北向南卡口,4.20504E+11,宜昌支队点军大队,"111.2761,30.66431",2019/12/25,111.2761,30.66431
6.04012E+11,4.20504E+19,点军-江南大道消防中队(测速)东向西,4.20504E+11,宜昌支队点军大队,"111.27234,30.68439",2014/3/21,111.27234,30.68439
6.04012E+11,4.20504E+19,点军-江南大道消防中队(测速)西向东,4.20504E+11,宜昌支队点军大队,"111.27234,30.68439",2014/3/21,111.27234,30.68439
6.05042E+11,4.20505E+19,V亭-V亭大道正大路口东向西,4.20505E+11,宜昌支队V亭大队,"111.44019,30.53261",2015/7/27,111.44019,30.53261
6.05042E+11,4.20505E+19,V亭-V亭大道正大路口西向东,4.20505E+11,宜昌支队V亭大队,"111.43995,30.53304",2015/7/27,111.43995,30.53304
6.05112E+11,4.20505E+19,V亭-V亭大道先锋路口西向东,4.20505E+11,宜昌支队V亭大队,"111.4282,30.54588",2014/3/14,111.4282,30.54588
6.05102E+11,4.20505E+19,V亭-金V路金岭路口东向西,4.20505E+11,宜昌支队V亭大队,"111.42906,30.53369",2019/1/1,111.42906,30.53369
6.05042E+11,4.20505E+19,V亭-V亭大道横四路口东向西,4.20505E+11,宜昌支队V亭大队,"111.42258,30.54959",2017/3/23,111.42258,30.54959
6.05042E+11,4.20505E+19,V亭-V亭大道横四路口西向东,4.20505E+11,宜昌支队V亭大队,"111.42193,30.54998",2017/3/23,111.42193,30.54998
6.05042E+11,4.20505E+19,V亭-V亭大道民主路口东向西,4.20505E+11,宜昌支队V亭大队,"111.43242,30.5431",2016/10/20,111.43242,30.5431
6.90366E+11,4.20505E+19,V亭-张家湾路七里冲路口东向西,4.20505E+11,宜昌支队V亭大队,"111.4605,30.55675",2017/4/14,111.4605,30.55675
6.90366E+11,4.20505E+19,V亭-张家湾路七里冲路口西向东,4.20505E+11,宜昌支队V亭大队,"111.46024,30.55705",2017/4/14,111.46024,30.55705
6.00402E+11,4.20502E+19,平湖-夜明珠路常刘路口南向北,4.20502E+11,宜昌支队平湖大队,"111.29831,30.72619",2018/1/1,111.29831,30.72619
7.00392E+11,4.205E+19,高新-汉宜路茶厂一路口东向西,4.205E+11,宜昌支队高新区大队,"111.42884,30.66332",2019/11/22,111.42884,30.66332
7.00392E+11,4.205E+19,高新-汉宜路土门路口南向北,4.205E+11,宜昌支队高新区大队,"111.43535,30.66703",2019/11/25,111.43535,30.66703
7.00392E+11,4.205E+19,高新-汉宜路茶厂一路口西向东,4.205E+11,宜昌支队高新区大队,"111.42859,30.66312",2019/11/22,111.42859,30.66312
6.00232E+11,4.205E+19,高新-发展大道石板铺路口南向北卡口,4.205E+11,宜昌支队高新区大队,"111.34842,30.7396",2019/11/25,111.34842,30.7396
6.00232E+11,4.205E+19,高新-发展大道石板铺路口西向东卡口,4.205E+11,宜昌支队高新区大队,"111.34813,30.73995",2019/11/25,111.34813,30.73995
6.05042E+11,4.20505E+19,V亭-V亭大道金V路口东向西,4.20505E+11,宜昌支队V亭大队,"111.43822,30.53694",2019/12/5,111.43822,30.53694
6.05042E+11,4.20505E+19,V亭-V亭大道正大路口南向北卡口,4.20505E+11,宜昌支队V亭大队,"111.43967,30.53256",2019/12/5,111.43967,30.53256
6.05042E+11,4.20505E+19,V亭-V亭大道金V路口北向南,4.20505E+11,宜昌支队V亭大队,"111.43827,30.53778",2019/12/5,111.43827,30.53778
7.05112E+11,4.20505E+19,V亭-长寿路七里冲路口东向西,4.20505E+11,宜昌支队V亭大队,"30.334299,111.273089",2019/11/28,30.334299,111.273089
3.00041E+11,4.205E+19,高速-G59呼北高速1406KM+155M北向南,4.205E+11,宜昌支队高速公路管理一大队,"111.60998,30.98986",2019/12/5,111.60998,30.98986
7.05112E+11,4.20505E+19,V亭-长寿路迎宾大道路口北向南,4.20505E+11,宜昌支队V亭大队,"30.324646,111.281382",2019/11/28,30.324646,111.281382
7.05112E+11,4.20505E+19,V亭-长寿路迎宾大道路口西向东,4.20505E+11,宜昌支队V亭大队,"30.324737,111.281144",2019/11/28,30.324737,111.281144
3.00041E+11,4.205E+19,高速-G59呼北高速1386KM+150M北向南,4.205E+11,宜昌支队高速公路管理一大队,"111.55994,31.165",2019/12/5,111.55994,31.165
6.04061E+11,4.20504E+19,点军-夷陵长江大桥点军服务站路段南向北,4.20504E+11,宜昌支队点军大队,"111.284794,30.678373",2019/9/1,111.284794,30.678373
6.00402E+11,4.20502E+19,平湖-夜明珠路黄河路口北向南,4.20502E+11,宜昌支队平湖大队,"111.30523,30.73033",2017/12/1,111.30523,30.73033
6.05112E+11,4.20505E+19,V亭-V亭大道先锋路口东向西卡口,4.20505E+11,宜昌支队V亭大队,"111.42912,30.54533",2015/7/27,111.42912,30.54533
6.00402E+11,4.20502E+19,平湖-夜明珠路常刘路口东向西,4.20502E+11,宜昌支队平湖大队,"111.29854,30.72611",2018/1/1,111.29854,30.72611
6.00902E+11,4.205E+19,白洋-新民路裴太路口北向南,4.205E+11,宜昌支队高新区大队,"111.52903,30.42423",2016/4/12,111.52903,30.42423
7.00392E+11,4.205E+19,高新-汉宜路土门路口东向西,4.205E+11,宜昌支队高新区大队,"111.43548,30.66739",2019/11/22,111.43548,30.66739
6.00139E+11,4.20503E+19,伍家-伍临路临江溪桥进城东向西,4.20503E+11,宜昌支队伍家大队,"111.3702,30.62642",2019/8/1,111.3702,30.62642
6.00139E+11,4.20503E+19,伍家-伍临路临江溪桥出城西向东,4.20503E+11,宜昌支队伍家大队,"111.3702,30.62642",2019/8/1,111.3702,30.62642
6.05042E+11,4.20505E+19,V亭-V亭大道金V路口西向东卡口,4.20505E+11,宜昌支队V亭大队,"111.43742,30.53815",2019/12/5,111.43742,30.53815
7.00392E+11,4.205E+19,高新-汉宜路土门路口北向南,4.205E+11,宜昌支队高新区大队,"111.43522,30.66739",2019/11/25,111.43522,30.66739
7.05112E+11,4.20505E+19,V亭-长寿路迎宾大道路口北向南卡口,4.20505E+11,宜昌支队V亭大队,"30.324646,111.281382",2019/12/4,30.324646,111.281382
6.05042E+11,4.20505E+19,V亭-V亭大道金V路口东向西卡口,4.20505E+11,宜昌支队V亭大队,"111.43826,30.53682",2019/12/5,111.43826,30.53682
6.05042E+11,4.20505E+19,V亭-V亭大道金V路口南向北,4.20505E+11,宜昌支队V亭大队,"111.4373,30.53718",2019/12/5,111.4373,30.53718
6.00012E+11,4.20502E+19,西陵-沿江大道环城南路口西向东卡口,4.20502E+11,宜昌支队西陵大队,"111.28146,30.69536",2020/4/9,111.28146,30.69536
5.00031E+11,4.20504E+19,点军-点军大道江城大道口东向西,4.20504E+11,宜昌支队点军大队,"111.2491,30.7128",2019/12/1,111.2491,30.7128
7.05112E+11,4.20505E+19,V亭-长寿路迎宾大道路口南向北卡口,4.20505E+11,宜昌支队V亭大队,"30.324478,111.281133",2019/12/4,30.324478,111.281133
6.00402E+11,4.20502E+19,平湖-夜明珠路常刘路口北向南,4.20502E+11,宜昌支队平湖大队,"111.29941,30.72674",2018/1/1,111.29941,30.72674
7.00062E+11,4.20503E+19,伍家-东站路董家冲路口东向西,4.20503E+11,宜昌支队伍家大队,"111.38022,30.65972",2019/12/12,111.38022,30.65972
7.00062E+11,4.20503E+19,伍家-东站路董家冲路口西向东,4.20503E+11,宜昌支队伍家大队,"111.37955,30.65987",2019/12/12,111.37955,30.65987
6.00402E+11,4.20502E+19,平湖-夜明珠路黄河路口南向北,4.20502E+11,宜昌支队平湖大队,"111.30526,30.73008",2018/1/1,111.30526,30.73008
7.00392E+11,4.205E+19,高新-汉宜路土门路口西向东,4.205E+11,宜昌支队高新区大队,"111.4351,30.6672",2019/11/22,111.4351,30.6672
7.00392E+11,4.205E+19,高新-汉宜路茶厂一路口北向南,4.205E+11,宜昌支队高新区大队,"111.4286,30.66334",2019/11/22,111.4286,30.66334
7.00392E+11,4.205E+19,高新-汉宜路茶厂一路口南向北,4.205E+11,宜昌支队高新区大队,"111.42884,30.6631",2019/11/22,111.42884,30.6631
6.00232E+11,4.205E+19,高新-发展大道石板铺路口北向南卡口,4.205E+11,宜昌支队高新区大队,"111.34839,30.74023",2019/11/25,111.34839,30.74023
6.05042E+11,4.20505E+19,V亭-V亭大道金V路口南向北卡口(道路施工),4.20505E+11,宜昌支队V亭大队,"111.43709,30.53707",2019/12/5,111.43709,30.53707
5.00031E+11,4.20504E+19,点军-点军大道江城大道口北向南,4.20504E+11,宜昌支队点军大队,"111.24957,30.71345",2019/12/1,111.24957,30.71345
3.00041E+11,4.205E+19,高速-G59呼北高速1406KM+135M南向北,4.205E+11,宜昌支队高速公路管理一大队,"111.60895,30.99595",2019/12/5,111.60895,30.99595
6.00232E+11,4.205E+19,高新-发展大道汕头路口东向西卡口,4.205E+11,宜昌支队高新区大队,"111.32671,30.71446",2019/12/20,111.32671,30.71446
6.00019E+11,4.20503E+19,伍家-沿江大道中南二号人行横道东向西,4.20503E+11,宜昌支队伍家大队,"111.32502,30.66503",2015/9/29,111.32502,30.66503
6.01043E+11,4.20503E+19,伍家-中南路中南一路口东向西,4.20503E+11,宜昌支队伍家大队,"111.33115,30.67302",2017/1/11,111.33115,30.67302
6.00022E+11,4.20503E+19,伍家-夷陵大道中南路口南向北,4.20503E+11,宜昌支队伍家大队,"111.32583,30.66772",2018/12/1,111.32583,30.66772
6.00022E+11,4.20503E+19,伍家-夷陵大道港窑路口南向北,4.20503E+11,宜昌支队伍家大队,"111.31392,30.6775",2018/12/1,111.31392,30.6775
6.00022E+11,4.20503E+19,伍家-夷陵大道港窑路口北向南,4.20503E+11,宜昌支队伍家大队,"111.31392,30.6775",2018/12/1,111.31392,30.6775
6.00012E+11,4.20503E+19,伍家-沿江大道港窑路口北向南,4.20503E+11,宜昌支队伍家大队,"111.31283,30.67609",2018/12/1,111.31283,30.67609
6.00012E+11,4.20503E+19,伍家-沿江大道中南路口北向南,4.20503E+11,宜昌支队伍家大队,"111.32403,30.66605",2018/12/1,111.32403,30.66605
6.00032E+11,4.20503E+19,伍家-东山大道体育场路口北向南,4.20503E+11,宜昌支队伍家大队,"111.31183,30.68357",2015/7/23,111.31183,30.68357
6.00032E+11,4.20503E+19,伍家-东山大道港窑路口南向北,4.20503E+11,宜昌支队伍家大队,"111.31469,30.68103",2015/7/13,111.31469,30.68103
6.00032E+11,4.20503E+19,伍家-东山大道亚栈路口南向北,4.20503E+11,宜昌支队伍家大队,"111.3174,30.67648",2019/1/1,111.3174,30.67648
6.00032E+11,4.20503E+19,伍家-东山大道杨岔路口南向北,4.20503E+11,宜昌支队伍家大队,"111.3226,30.6724",2015/7/27,111.3226,30.6724
6.00032E+11,4.20503E+19,伍家-东山大道中南路口南向北,4.20503E+11,宜昌支队伍家大队,"111.3266,30.6685",2015/7/27,111.3266,30.6685
6.00032E+11,4.20503E+19,伍家-东山大道中南路口北向南,4.20503E+11,宜昌支队伍家大队,"111.3266,30.6685",2015/7/27,111.3266,30.6685
6.01043E+11,4.20503E+19,伍家-中南路中南一路口南向北,4.20503E+11,宜昌支队伍家大队,"111.33066,30.67299",2017/1/11,111.33066,30.67299
7.00662E+11,4.20502E+19,西陵-西陵一路环城东路口南向北卡口,4.20502E+11,宜昌支队西陵大队,"111.283,30.7025",2020/4/13,111.283,30.7025
6.01043E+11,4.20503E+19,伍家-中南路中南一路口北向南,4.20503E+11,宜昌支队伍家大队,"111.33066,30.67299",2017/1/11,111.33066,30.67299
6.00022E+11,4.20503E+19,伍家-夷陵大道杨岔路口西向东,4.20503E+11,宜昌支队伍家大队,"111.32096,30.67143",2018/12/1,111.32096,30.67143
6.00022E+11,4.20503E+19,伍家-夷陵大道杨岔路口南向北,4.20503E+11,宜昌支队伍家大队,"111.3211,30.6712",2018/12/1,111.3211,30.6712
6.00022E+11,4.20503E+19,伍家-夷陵大道杨岔路口北向南,4.20503E+11,宜昌支队伍家大队,"111.3211,30.6712",2018/12/1,111.3211,30.6712
6.00019E+11,4.20503E+19,伍家-沿江大道虹桥国际卡口西向东,4.20503E+11,宜昌支队伍家大队,"111.33208,30.65832",2017/1/11,111.33208,30.65832
6.00019E+11,4.20503E+19,伍家-沿江大道廊桥水岸卡口东向西,4.20503E+11,宜昌支队伍家大队,"111.31618,30.67359",2017/1/11,111.31618,30.67359
6.00022E+11,4.20503E+19,伍家-夷陵大道亚栈路口西向东,4.20503E+11,宜昌支队伍家大队,"111.31667,30.67598",2018/12/1,111.31667,30.67598
6.00022E+11,4.20503E+19,伍家-夷陵大道亚栈路口南向北,4.20503E+11,宜昌支队伍家大队,"111.31671,30.67572",2018/12/1,111.31671,30.67572
6.00022E+11,4.20503E+19,伍家-夷陵大道亚栈路口北向南,4.20503E+11,宜昌支队伍家大队,"111.31671,30.67572",2018/12/1,111.31671,30.67572
6.00022E+11,4.20503E+19,伍家-夷陵大道中南路口西向东卡口,4.20503E+11,宜昌支队伍家大队,"111.3257,30.6675",2018/12/1,111.3257,30.6675
6.00022E+11,4.20503E+19,伍家-夷陵大道港窑路口东向西卡口,4.20503E+11,宜昌支队伍家大队,"111.31378,30.67793",2018/12/1,111.31378,30.67793
6.00012E+11,4.20503E+19,伍家-沿江大道港窑路口东向西卡口,4.20503E+11,宜昌支队伍家大队,"111.3129,30.67584",2018/12/1,111.3129,30.67584
6.00012E+11,4.20503E+19,伍家-沿江大道港窑路口西向东卡口,4.20503E+11,宜昌支队伍家大队,"111.31256,30.67607",2018/12/1,111.31256,30.67607
6.00012E+11,4.20503E+19,伍家-沿江大道杨岔路口东向西卡口,4.20503E+11,宜昌支队伍家大队,"111.3198,30.67",2018/12/1,111.3198,30.67
6.00012E+11,4.20503E+19,伍家-沿江大道中南路口东向西卡口,4.20503E+11,宜昌支队伍家大队,"111.3239,30.6658",2018/12/1,111.3239,30.6658
6.00012E+11,4.20503E+19,伍家-沿江大道中南路口西向东卡口,4.20503E+11,宜昌支队伍家大队,"111.3239,30.6658",2018/12/1,111.3239,30.6658
6.00612E+11,4.20502E+19,西坝-西坝路至喜大桥下环线西向东,4.20502E+11,宜昌支队葛洲坝大队,"111.27799,30.7128",2020/1/2,111.27799,30.7128
6.00312E+11,4.205E+19,高新-大连路珠海路口南向北,4.205E+11,宜昌支队高新区大队,"111.31787,30.69923",2020/4/14,111.31787,30.69923
6.00312E+11,4.205E+19,高新-大连路珠海路口南向北卡口,4.205E+11,宜昌支队高新区大队,"111.31787,30.69923",2020/4/14,111.31787,30.69923
6.00312E+11,4.205E+19,高新-大连路珠海路口北向南,4.205E+11,宜昌支队高新区大队,"111.31787,30.69923",2020/4/14,111.31787,30.69923
6.00312E+11,4.205E+19,高新-大连路珠海路口西向东,4.205E+11,宜昌支队高新区大队,"111.31787,30.69923",2020/4/14,111.31787,30.69923
6.00312E+11,4.205E+19,高新-大连路珠海路口西向东卡口,4.205E+11,宜昌支队高新区大队,"111.31787,30.69923",2020/4/14,111.31787,30.69923
6.00312E+11,4.205E+19,高新-大连路珠海路口东向西,4.205E+11,宜昌支队高新区大队,"111.31787,30.69923",2020/4/14,111.31787,30.69923
6.00312E+11,4.205E+19,高新-大连路珠海路口东向西卡口,4.205E+11,宜昌支队高新区大队,"111.31787,30.69923",2020/4/14,111.31787,30.69923
6.00312E+11,4.205E+19,高新-大连路珠海路口北向南卡口,4.205E+11,宜昌支队高新区大队,"111.31787,30.69923",2020/4/14,111.31787,30.69923
6.00312E+11,4.205E+19,高新-大连路深圳路口南向北,4.205E+11,宜昌支队高新区大队,"111.31787,30.69923",2020/4/14,111.31787,30.69923
6.00312E+11,4.205E+19,高新-大连路深圳路口南向北卡口,4.205E+11,宜昌支队高新区大队,"111.31787,30.69923",2020/4/14,111.31787,30.69923
6.00312E+11,4.205E+19,高新-大连路深圳路口西向东,4.205E+11,宜昌支队高新区大队,"111.3148,30.69925",2020/4/14,111.3148,30.69925
6.00312E+11,4.205E+19,高新-大连路深圳路口西向东卡口,4.205E+11,宜昌支队高新区大队,"111.3148,30.69928",2020/4/14,111.3148,30.69928
6.00072E+11,4.20502E+19,西陵-体育场路胜利四路口南向北卡口,4.20502E+11,宜昌支队西陵大队,"111.30542,30.69814",2020/4/16,111.30542,30.69814
6.00312E+11,4.205E+19,高新-大连路北海路口南向北,4.205E+11,宜昌支队高新区大队,"111.33997,30.71549",2020/4/17,111.33997,30.71549
6.00312E+11,4.205E+19,高新-大连路北海路口南向北卡口,4.205E+11,宜昌支队高新区大队,"111.33997,30.7155",2020/4/17,111.33997,30.7155
6.00312E+11,4.205E+19,高新-大连路北海路口北向南,4.205E+11,宜昌支队高新区大队,"111.34011,30.71571",2020/4/17,111.34011,30.71571
6.00312E+11,4.205E+19,高新-大连路北海路口北向南卡口,4.205E+11,宜昌支队高新区大队,"111.34011,30.71571",2020/4/17,111.34011,30.71571
6.00312E+11,4.205E+19,高新-大连路北海路口西向东,4.205E+11,宜昌支队高新区大队,"111.33993,30.71567",2020/4/17,111.33993,30.71567
6.00312E+11,4.205E+19,高新-大连路北海路口西向东卡口,4.205E+11,宜昌支队高新区大队,"111.33992,30.71567",2020/4/17,111.33992,30.71567
6.00341E+11,4.20502E+19,西陵-东山四路锦江大道口东向西,4.20502E+11,宜昌支队西陵大队,"111.3327,30.73898",2020/4/23,111.3327,30.73898
6.00072E+11,4.20502E+19,西陵-体育场路胜利四路口东向西,4.20502E+11,宜昌支队西陵大队,"111.3058,30.6983",2018/12/1,111.3058,30.6983
6.00222E+11,4.20502E+19,西陵-西陵二路体育场路东向西卡口,4.20502E+11,宜昌支队西陵大队,"111.29993,30.70995",2020/5/7,111.29993,30.70995
6.00222E+11,4.20502E+19,西陵-西陵二路体育场路南向北卡口,4.20502E+11,宜昌支队西陵大队,"111.29969,30.70996",2020/5/7,111.29969,30.70996
6.00222E+11,4.20502E+19,西陵-西陵二路体育场路北向南卡口,4.20502E+11,宜昌支队西陵大队,"111.29987,30.71024",2020/5/7,111.29987,30.71024
7.00042E+11,4.20503E+19,伍家-柏临路八一路口北向南卡口,4.20503E+11,宜昌支队伍家大队,"111.37002,30.6332",2020/5/9,111.37002,30.6332
7.00042E+11,4.20503E+19,伍家-柏临路八一路口东向西卡口,4.20503E+11,宜昌支队伍家大队,"111.3698,30.63256",2020/5/9,111.3698,30.63256
7.00042E+11,4.20503E+19,伍家-柏临路八一路口西向东卡口,4.20503E+11,宜昌支队伍家大队,"111.36917,30.63351",2020/5/9,111.36917,30.63351
6.00341E+11,4.20503E+19,西陵-东山四路朝阳路口北向南卡口,4.20502E+11,宜昌支队西陵大队,"111.3277,30.74883",2020/5/18,111.3277,30.74883
6.00341E+11,4.20503E+19,西陵-东山四路朝阳路口南向北卡口,4.20502E+11,宜昌支队西陵大队,"111.32725,30.74859",2020/5/18,111.32725,30.74859
6.00341E+11,4.20503E+19,西陵-东山四路锦江大道口北向南卡口,4.20502E+11,宜昌支队西陵大队,"111.33271,30.73926",2020/4/23,111.33271,30.73926
6.00341E+11,4.20503E+19,西陵-东山四路锦江大道口北向南,f40e813ad9364cf891bb595f7fbe6c7d,测试,"111.33265,30.73915",2020/5/25,111.33265,30.73915
702351015,4.20505E+19,点军-将军路银河路口西向东,f40e813ad9364cf891bb595f7fbe6c7d,测试,",",2020/6/19,,
6.00012E+11,4.20502E+19,西陵-沿江大道西陵一路口北向南卡口,4.20502E+11,宜昌支队西陵大队,"111.27695,30.70212",2018/12/1,111.27695,30.70212
6.00022E+11,4.20502E+19,西陵-夷陵大道西陵一路口北向南卡口,4.20502E+11,宜昌支队西陵大队,"111.29185,30.70351",2018/12/1,111.29185,30.70351
7.00662E+11,4.20502E+19,西陵-西陵一路环城东路口北向南卡口,4.20502E+11,宜昌支队西陵大队,"111.283,30.7025",2018/12/1,111.283,30.7025
6.00072E+11,4.20502E+19,西陵-体育场路胜利三路口南向北卡口,4.20502E+11,宜昌支队西陵大队,"111.3109,30.6885",2018/12/1,111.3109,30.6885
6.00072E+11,4.20502E+19,西陵-体育场路绿萝路口东向西,4.20502E+11,宜昌支队西陵大队,"111.3023,30.706",2018/12/1,111.3023,30.706
6.00202E+11,4.20502E+19,西陵-云集路解放路口南向北,4.20502E+11,宜昌支队西陵大队,"111.28656,30.69606",2018/12/1,111.28656,30.69606
6.00202E+11,4.20502E+19,西陵-云集路解放路口北向南,4.20502E+11,宜昌支队西陵大队,"111.28656,30.69606",2018/12/1,111.28656,30.69606
7.00662E+11,4.20502E+19,西陵-西陵一路环城东路口北向南,4.20502E+11,宜昌支队西陵大队,"111.283,30.7025",2018/12/1,111.283,30.7025
6.00012E+11,4.20502E+19,西陵-沿江大道环城南路口北向南,4.20502E+11,宜昌支队西陵大队,"111.28183,30.69548",2018/12/1,111.28183,30.69548
6.00032E+11,4.20502E+19,西陵-东山大道西陵一路口南向北,4.20502E+11,宜昌支队西陵大队,"111.29609,30.70363",2018/4/29,111.29609,30.70363
6.00032E+11,4.20502E+19,西陵-东山大道云集路口南向北,4.20502E+11,宜昌支队西陵大队,"111.29712,30.70106",2019/11/25,111.29712,30.70106
6.00022E+11,4.20502E+19,西陵-夷陵大道云集路口东向西,4.20502E+11,宜昌支队西陵大队,"111.29369,30.69939",2018/2/11,111.29369,30.69939
6.00022E+11,4.20502E+19,西陵-夷陵大道云集路口南向北,4.20502E+11,宜昌支队西陵大队,"111.29343,30.69941",2018/2/11,111.29343,30.69941
6.00022E+11,4.20502E+19,西陵-夷陵大道云集路口北向南,4.20502E+11,宜昌支队西陵大队,"111.29343,30.69941",2018/2/11,111.29343,30.69941
7.00432E+11,4.20502E+19,西陵-山庄路卓越广场旁上坡南向北,4.20502E+11,宜昌支队西陵大队,"111.29831,30.6997",2019/11/25,111.29831,30.6997
6.00072E+11,4.20502E+19,西陵-体育场路胜利三路口北向南,4.20502E+11,宜昌支队西陵大队,"111.3109,30.6885",2018/12/1,111.3109,30.6885
600019005000,4.20502E+19,西陵-沿江大道市政府卡口东向西,4.20502E+11,宜昌支队西陵大队,"111.28596,30.69181",2017/1/12,111.28596,30.69181
6.00072E+11,4.20502E+19,西陵-体育场路胜利三路口东向西卡口,4.20502E+11,宜昌支队西陵大队,"111.31091,30.68895",2018/12/1,111.31091,30.68895
6.00072E+11,4.20502E+19,西陵-体育场路胜利三路口西向东卡口,4.20502E+11,宜昌支队西陵大队,"111.31091,30.68895",2018/12/1,111.31091,30.68895
6.00012E+11,4.20502E+19,西陵-沿江大道云集路口西向东卡口,4.20502E+11,宜昌支队西陵大队,"111.2837,30.6934",2018/12/1,111.2837,30.6934
6.00012E+11,4.20502E+19,西陵-沿江大道西陵一路口东向西卡口,4.20502E+11,宜昌支队西陵大队,"111.2767,30.7018",2018/12/1,111.2767,30.7018
6.00212E+11,4.20502E+19,西陵-西陵一路珍珠路口东向西卡口,4.20502E+11,宜昌支队西陵大队,"111.28714,30.70324",2018/12/1,111.28714,30.70324
7.00894E+11,4.20502E+19,西陵-大学路学海路口西向东,4.20502E+11,宜昌支队西陵大队,"111.31326,30.72426",2015/7/16,111.31326,30.72426
6.00853E+11,4.20502E+19,西陵-唐家湾路朝阳路口南向北,4.20502E+11,宜昌支队西陵大队,"111.32474,30.74717",2017/7/12,111.32474,30.74717
6.00853E+11,4.20502E+19,西陵-唐家湾路朝阳路口北向南,4.20502E+11,宜昌支队西陵大队,"111.32513,30.74744",2017/7/12,111.32513,30.74744
6.00042E+11,4.20502E+19,西陵-长江路唐家湾路口东向西,4.20502E+11,宜昌支队西陵大队,"111.32936,30.73584",2017/7/25,111.32936,30.73584
6.00042E+11,4.20502E+19,西陵-长江路唐家湾路口南向北,4.20502E+11,宜昌支队西陵大队,"111.3291,30.73589",2017/7/25,111.3291,30.73589
6.00042E+11,4.20502E+19,西陵-长江路唐家湾路口北向南,4.20502E+11,宜昌支队西陵大队,"111.32941,30.73624",2017/7/25,111.32941,30.73624
6.00222E+11,4.20502E+19,西陵-西陵二路体育场路口西向东,4.20502E+11,宜昌支队西陵大队,"111.30003,30.70995",2019/1/1,111.30003,30.70995
6.00632E+11,4.20502E+19,平湖-东湖一路樵湖二路口南向北,4.20502E+11,宜昌支队平湖大队,"111.28709,30.71495",2018/12/1,111.28709,30.71495
6.00632E+11,4.20502E+19,平湖-东湖一路樵湖二路口北向南,4.20502E+11,宜昌支队平湖大队,"111.28736,30.71485",2018/12/1,111.28736,30.71485
6.00032E+11,4.20502E+19,平湖-东山大道东湖一路口南向北,4.20502E+11,宜昌支队平湖大队,"111.29431,30.71351",2015/7/27,111.29431,30.71351
6.00032E+11,4.20502E+19,平湖-东山大道团结路口南向北,4.20502E+11,宜昌支队平湖大队,"111.29359,30.71592",2015/7/24,111.29359,30.71592
6.00022E+11,4.20502E+19,平湖-夷陵大道樵湖二路口北向南,4.20502E+11,宜昌支队平湖大队,"111.29149,30.72142",2014/5/14,111.29149,30.72142
6.00022E+11,4.20503E+19,伍家-夷陵大道胜利四路口北向南卡口,4.20503E+11,宜昌支队伍家大队,"111.2979,30.6918",2018/12/1,111.2979,30.6918
6.00012E+11,4.20503E+19,伍家-沿江大道一马路口北向南卡口,4.20503E+11,宜昌支队伍家大队,"111.29022,30.68966",2018/12/1,111.29022,30.68966
6.00022E+11,4.20503E+19,伍家-夷陵大道胜利三路口南向北,4.20503E+11,宜昌支队伍家大队,"111.3004,30.6875",2018/12/1,111.3004,30.6875
6.00022E+11,4.20503E+19,伍家-夷陵大道胜利四路口南向北,4.20503E+11,宜昌支队伍家大队,"111.2979,30.6918",2018/12/1,111.2979,30.6918
6.00022E+11,4.20503E+19,伍家-夷陵大道胜利四路口北向南,4.20503E+11,宜昌支队伍家大队,"111.2979,30.6918",2018/12/1,111.2979,30.6918
6.00012E+11,4.20503E+19,伍家-沿江大道万达路口北向南,4.20503E+11,宜昌支队伍家大队,"111.30901,30.67896",2018/12/1,111.30901,30.67896
6.00032E+11,4.20503E+19,伍家-东山大道胜利四路口南向北,4.20503E+11,宜昌支队伍家大队,"111.3,30.69338",2015/7/27,111.3,30.69338
6.00032E+11,4.20503E+19,伍家-东山大道胜利四路口北向南,4.20503E+11,宜昌支队伍家大队,"111.3,30.69338",2015/7/27,111.3,30.69338
6.00032E+11,4.20503E+19,伍家-东山大道北山坡站东向西卡口,4.20503E+11,宜昌支队伍家大队,"111.30224,30.69164",2019/1/1,111.30224,30.69164
6.05092E+11,4.20505E+19,V亭-正大路金岭路南向北卡口,4.20505E+11,宜昌支队V亭大队,"111.43128,30.5289",2019/11/25,111.43128,30.5289
6.00032E+11,4.20503E+19,伍家-东山大道石马坡站东向西卡口,4.20503E+11,宜昌支队伍家大队,"111.30766,30.68619",2019/1/1,111.30766,30.68619
6.00032E+11,4.20503E+19,伍家-东山大道石马坡站西向东卡口,4.20503E+11,宜昌支队伍家大队,"111.30766,30.68619",2019/1/1,111.30766,30.68619
6.00012E+11,4.20503E+19,伍家-沿江大道胜利一路口西向东卡口,4.20503E+11,宜昌支队伍家大队,"111.3039,30.6819",2018/12/1,111.3039,30.6819
6.00012E+11,4.20503E+19,伍家-沿江大道胜利三路口东向西卡口,4.20503E+11,宜昌支队伍家大队,"111.2982,30.6851",2018/12/1,111.2982,30.6851
6.00012E+11,4.20503E+19,伍家-沿江大道胜利四路口东向西卡口,4.20503E+11,宜昌支队伍家大队,"111.29444,30.68723",2018/12/1,111.29444,30.68723
6.00012E+11,4.20503E+19,伍家-沿江大道胜利四路口西向东卡口,4.20503E+11,宜昌支队伍家大队,"111.29361,30.68766",2018/12/1,111.29361,30.68766
6.00022E+11,4.20503E+19,伍家-夷陵大道胜利一路口西向东卡口,4.20503E+11,宜昌支队伍家大队,"111.30498,30.68382",2018/12/1,111.30498,30.68382
6.00022E+11,4.20503E+19,伍家-夷陵大道胜利三路口东向西卡口,4.20503E+11,宜昌支队伍家大队,"111.30026,30.68767",2018/12/1,111.30026,30.68767
6.00022E+11,4.20503E+19,伍家-夷陵大道胜利三路口西向东卡口,4.20503E+11,宜昌支队伍家大队,"111.30026,30.68767",2018/12/1,111.30026,30.68767
6.00032E+11,4.20503E+19,伍家-东山大道中南路站西向东,4.20503E+11,宜昌支队伍家大队,"111.327,30.6681",2015/8/17,111.327,30.6681
6.00032E+11,4.20503E+19,伍家-东山大道宝塔河站台西向东,4.20503E+11,宜昌支队伍家大队,"111.3317,30.6635",2015/8/17,111.3317,30.6635
6.00032E+11,4.20503E+19,伍家-东山大道艾家嘴站台东向西,4.20503E+11,宜昌支队伍家大队,"111.3374,30.6586",2015/8/17,111.3374,30.6586
6.00032E+11,4.20503E+19,伍家-东山大道运河公园站东向西,4.20503E+11,宜昌支队伍家大队,"111.31638,30.67896",2019/1/1,111.31638,30.67896
6.00032E+11,4.20503E+19,伍家-东山大道运河公园站西向东,4.20503E+11,宜昌支队伍家大队,"111.31638,30.67896",2019/1/1,111.31638,30.67896
6.00222E+11,4.20502E+19,西陵-西陵二路体育场路口南向北,4.20502E+11,宜昌支队西陵大队,"111.29961,30.71",2019/1/1,111.29961,30.71
6.00222E+11,4.20502E+19,西陵-西陵二路城东大道口东向西,4.20502E+11,宜昌支队西陵大队,"111.31128,30.71285",2019/1/1,111.31128,30.71285
6.00072E+11,4.20502E+19,西陵-体育场路绿萝路口西向东,4.20502E+11,宜昌支队西陵大队,"111.3023,30.706",2018/12/1,111.3023,30.706
6.00032E+11,4.20502E+19,西陵-东山大道西陵二路口东向西,4.20502E+11,宜昌支队西陵大队,"111.29507,30.7083",2014/5/14,111.29507,30.7083
6.00032E+11,4.20502E+19,西陵-东山大道绿萝路站东向西,4.20502E+11,宜昌支队西陵大队,"111.29597,30.70606",2018/4/29,111.29597,30.70606
6.00032E+11,4.20502E+19,西陵-东山大道绿萝路站西向东,4.20502E+11,宜昌支队西陵大队,"111.29559,30.70673",2018/4/29,111.29559,30.70673
6.00222E+11,4.20502E+19,西陵-西陵二路珍珠路口东向西,4.20502E+11,宜昌支队西陵大队,"111.2864,30.7089",2019/11/25,111.2864,30.7089
6.00222E+11,4.20502E+19,西陵-西陵二路珍珠路口西向东,4.20502E+11,宜昌支队西陵大队,"111.2864,30.7089",2019/11/25,111.2864,30.7089
6.00022E+11,4.20502E+19,西陵-夷陵大道西陵二路口西向东,4.20502E+11,宜昌支队西陵大队,"111.2916,30.7087",2019/11/25,111.2916,30.7087
6.00072E+11,4.20502E+19,西陵-体育场路绿萝路口南向北,4.20502E+11,宜昌支队西陵大队,"111.3025,30.7059",2018/12/1,111.3025,30.7059
6.00222E+11,4.20502E+19,西陵-西陵二路城东大道口西向东,4.20502E+11,宜昌支队西陵大队,"111.31106,30.71305",2019/1/1,111.31106,30.71305
6.00012E+11,4.20502E+19,西陵-沿江大道西陵二路口北向南,4.20502E+11,宜昌支队西陵大队,"111.28042,30.71132",2019/11/25,111.28042,30.71132
6.00222E+11,4.20502E+19,西陵-西陵二路珍珠路口南向北,4.20502E+11,宜昌支队西陵大队,"111.2864,30.7089",2019/11/25,111.2864,30.7089
6.00022E+11,4.20502E+19,西陵-夷陵大道西陵二路口南向北,4.20502E+11,宜昌支队西陵大队,"111.2916,30.7087",2019/11/25,111.2916,30.7087
6.00032E+11,4.20502E+19,西陵-东山大道西陵二路口南向北,4.20502E+11,宜昌支队西陵大队,"111.29532,30.70841",2014/5/14,111.29532,30.70841
6.00991E+11,4.20502E+19,西陵-至喜长江大桥卡口(测速)南向北,4.20502E+11,宜昌支队西陵大队,"111.26433,30.71334",2017/12/21,111.26433,30.71334
6.00991E+11,4.20502E+19,西陵-至喜长江大桥卡口(测速)北向南,4.20502E+11,宜昌支队西陵大队,"111.26432,30.71344",2017/12/21,111.26432,30.71344
7.00894E+11,4.20502E+19,西陵-大学路云深路口东向西,4.20502E+11,宜昌支队西陵大队,"111.31311,30.71975",2015/7/16,111.31311,30.71975
7.00894E+11,4.20502E+19,西陵-大学路学海路口东向西,4.20502E+11,宜昌支队西陵大队,"111.31326,30.72426",2015/7/16,111.31326,30.72426
6.00222E+11,4.20502E+19,西陵-西陵二路城东大道口北向南,4.20502E+11,宜昌支队西陵大队,"111.31142,30.71305",2019/1/1,111.31142,30.71305
6.00242E+11,4.20502E+19,西陵-大学路求索路口东向西,4.20502E+11,宜昌支队西陵大队,"111.31323,30.72201",2019/11/25,111.31323,30.72201
6.00022E+11,4.20502E+19,西陵-夷陵大道西陵二路口北向南,4.20502E+11,宜昌支队西陵大队,"111.2916,30.7087",2019/11/25,111.2916,30.7087
6.00242E+11,4.20502E+19,西陵-大学路求索路口西向东,4.20502E+11,宜昌支队西陵大队,"111.31323,30.72201",2019/11/25,111.31323,30.72201
6.00242E+11,4.20502E+19,西陵-大学路云林路口西向东,4.20502E+11,宜昌支队西陵大队,"111.31434,30.72813",2019/11/25,111.31434,30.72813
6.00672E+11,4.20502E+19,西坝-桥头路建设路口东向西,4.20502E+11,宜昌支队葛洲坝大队,"111.27847,30.71817",2016/9/21,111.27847,30.71817
6.00672E+11,4.20502E+19,西坝-桥头路建设路口西向东,4.20502E+11,宜昌支队葛洲坝大队,"111.27847,30.71817",2016/9/21,111.27847,30.71817
6.00672E+11,4.20502E+19,西坝-桥头路建设路口南向北,4.20502E+11,宜昌支队葛洲坝大队,"111.27887,30.7183",2016/9/21,111.27887,30.7183
6.00022E+11,4.20502E+19,平湖-夷陵大道东湖一路口北向南,4.20502E+11,宜昌支队平湖大队,"111.29156,30.71349",2018/12/1,111.29156,30.71349
8.00041E+11,4.20502E+19,西陵-刘家大堰小区出口北向南,4.20502E+11,宜昌支队西陵大队,"111.29584,30.71123",2020/1/6,111.29584,30.71123
6.00022E+11,4.20502E+19,平湖-夷陵大道团结路口北向南,4.20502E+11,宜昌支队平湖大队,"111.29154,30.71607",2018/12/1,111.29154,30.71607
6.00012E+11,4.20503E+19,伍家-沿江大道一马路口东向西,4.20503E+11,宜昌支队伍家大队,"111.29032,30.68951",2018/12/1,111.29032,30.68951
6.00012E+11,4.20503E+19,伍家-沿江大道一马路口西向东,4.20503E+11,宜昌支队伍家大队,"111.29005,30.68957",2018/12/1,111.29005,30.68957
6.00032E+11,4.20503E+19,伍家-东山大道胜利四路口西向东,4.20503E+11,宜昌支队伍家大队,"111.2998,30.69394",2015/7/27,111.2998,30.69394
6.00012E+11,4.20503E+19,伍家-沿江大道胜利一路口北向南,4.20503E+11,宜昌支队伍家大队,"111.30409,30.68212",2018/12/1,111.30409,30.68212
6.00012E+11,4.20503E+19,伍家-沿江大道胜利三路口北向南,4.20503E+11,宜昌支队伍家大队,"111.29841,30.68536",2018/12/1,111.29841,30.68536
6.00022E+11,4.20503E+19,伍家-夷陵大道胜利一路口南向北,4.20503E+11,宜昌支队伍家大队,"111.3052,30.6836",2018/12/1,111.3052,30.6836
6.00112E+11,4.205E+19,高新-港窑路珠海路口东向西,4.205E+11,宜昌支队高新区大队,"111.32841,30.69993",2018/12/1,111.32841,30.69993
6.00112E+11,4.205E+19,高新-港窑路珠海路口西向东,4.205E+11,宜昌支队高新区大队,"111.32841,30.69993",2018/12/1,111.32841,30.69993
6.00112E+11,4.205E+19,高新-港窑路珠海路口南向北,4.205E+11,宜昌支队高新区大队,"111.32814,30.69948",2018/12/1,111.32814,30.69948
6.00112E+11,4.205E+19,高新-港窑路珠海路口北向南,4.205E+11,宜昌支队高新区大队,"111.32814,30.69948",2018/12/1,111.32814,30.69948
6.00312E+11,4.205E+19,高新-城东大道大连路口东向西,4.205E+11,宜昌支队高新区大队,"111.31766,30.69912",2018/12/1,111.31766,30.69912
6.00312E+11,4.205E+19,高新-城东大道大连路口西向东,4.205E+11,宜昌支队高新区大队,"111.31766,30.69912",2018/12/1,111.31766,30.69912
6.00112E+11,4.205E+19,高新-城东大道港窑路口东向西,4.205E+11,宜昌支队高新区大队,"111.31876,30.68803",2018/12/1,111.31876,30.68803
6.00112E+11,4.205E+19,高新-城东大道港窑路口西向东,4.205E+11,宜昌支队高新区大队,"111.31876,30.68803",2018/12/1,111.31876,30.68803
6.00232E+11,4.205E+19,高新-发展大道石板铺路口西向东,4.205E+11,宜昌支队高新区大队,"111.34821,30.73993",2019/11/25,111.34821,30.73993
6.00232E+11,4.205E+19,高新-发展大道城东大道口东向西,4.205E+11,宜昌支队高新区大队,"111.31628,30.70558",2018/12/1,111.31628,30.70558
6.00232E+11,4.205E+19,高新-发展大道城东大道口西向东,4.205E+11,宜昌支队高新区大队,"111.31628,30.70558",2018/12/1,111.31628,30.70558
6.90189E+11,4.205E+19,高新-城东大道胜利三路口东向西,4.205E+11,宜昌支队高新区大队,"111.316,30.6911",2018/12/1,111.316,30.6911
6.90189E+11,4.205E+19,高新-城东大道胜利三路口西向东,4.205E+11,宜昌支队高新区大队,"111.316,30.6911",2018/12/1,111.316,30.6911
6.00232E+11,4.205E+19,高新-发展大道汕头路口东向西,4.205E+11,宜昌支队高新区大队,"111.32671,30.71446",2018/12/1,111.32671,30.71446
6.00232E+11,4.205E+19,高新-发展大道汕头路口西向东,4.205E+11,宜昌支队高新区大队,"111.3264,30.71475",2018/12/1,111.3264,30.71475
6.00932E+11,4.205E+19,白洋-田家河大道临港大道口东向西,4.205E+11,宜昌支队高新区大队,"111.51455,30.42311",2016/4/12,111.51455,30.42311
6.00932E+11,4.205E+19,白洋-田家河大道临港大道口西向东,4.205E+11,宜昌支队高新区大队,"111.51455,30.42311",2016/4/12,111.51455,30.42311
6.00922E+11,4.205E+19,白洋-田家河大道梅子溪路口东向西,4.205E+11,宜昌支队高新区大队,"111.56539,30.37761",2016/4/12,111.56539,30.37761
6.00922E+11,4.205E+19,白洋-田家河大道梅子溪路口西向东,4.205E+11,宜昌支队高新区大队,"111.56539,30.37761",2016/4/12,111.56539,30.37761
6.00932E+11,4.205E+19,白洋-田家河大道马家铺路口东向西(道路施工),4.205E+11,宜昌支队高新区大队,"111.56796,30.35533",2016/4/12,111.56796,30.35533
6.00922E+11,4.205E+19,白洋-S225省道梅子溪路口东向西,4.205E+11,宜昌支队高新区大队,"111.56601,30.3791",2016/4/12,111.56601,30.3791
6.00912E+11,4.205E+19,白洋-318国道裴太路口北向南,4.205E+11,宜昌支队高新区大队,"111.5306,30.4277",2016/4/12,111.5306,30.4277
7.00241E+11,4.205E+19,高新-桔乡路花溪路口东向西,4.205E+11,宜昌支队高新区大队,"111.40118,30.66462",2016/11/4,111.40118,30.66462
6.00322E+11,4.205E+19,高新-青岛路大连路口东向西,4.205E+11,宜昌支队高新区大队,"111.3216,30.7001",2017/1/12,111.3216,30.7001
6.00312E+11,4.205E+19,高新-城东大道大连路口北向南,4.205E+11,宜昌支队高新区大队,"111.31787,30.69923",2018/12/1,111.31787,30.69923
6.00232E+11,4.205E+19,高新-发展大道石板铺路口南向北,4.205E+11,宜昌支队高新区大队,"111.34842,30.73978",2019/11/25,111.34842,30.73978
6.90189E+11,4.205E+19,高新-城东大道胜利三路口南向北,4.205E+11,宜昌支队高新区大队,"111.3161,30.6911",2018/12/1,111.3161,30.6911
6.00922E+11,4.205E+19,白洋-田家河大道梅子溪路口南向北,4.205E+11,宜昌支队高新区大队,"111.56784,30.37998",2016/4/12,111.56784,30.37998
6.00902E+11,4.205E+19,白洋-新民路裴太路口南向北,4.205E+11,宜昌支队高新区大队,"111.52903,30.42423",2016/4/12,111.52903,30.42423
7.00241E+11,4.205E+19,高新-桔乡路花溪路口南向北,4.205E+11,宜昌支队高新区大队,"111.40077,30.66463",2016/11/4,111.40077,30.66463
6.00322E+11,4.205E+19,高新-青岛路大连路口北向南,4.205E+11,宜昌支队高新区大队,"111.32194,30.70055",2017/1/12,111.32194,30.70055
6.00863E+11,4.205E+19,高新-发展大道石溪路口北向南,4.205E+11,宜昌支队高新区大队,"111.34515,30.735",2019/11/26,111.34515,30.735
7.00392E+11,4.205E+19,高新-汉宜路百灵路口南向北,4.205E+11,宜昌支队高新区大队,"111.41213,30.65087",2016/10/26,111.41213,30.65087
6.00112E+11,4.205E+19,高新-港窑路青岛路口西向东,4.205E+11,宜昌支队高新区大队,"111.32365,30.69684",2018/12/1,111.32365,30.69684
5.00061E+11,4.205E+19,高新-峡州大道发展大道口北向南,4.205E+11,宜昌支队高新区大队,"111.34042,30.72786",2019/1/1,111.34042,30.72786
5.00061E+11,4.205E+19,高新-峡州大道大连路口南向北,4.205E+11,宜昌支队高新区大队,"111.3467,30.72185",2019/1/1,111.3467,30.72185
5.00061E+11,4.205E+19,高新-峡州大道合益路口东向西,4.205E+11,宜昌支队高新区大队,"111.38263,30.69021",2019/1/1,111.38263,30.69021
5.00061E+11,4.205E+19,高新-峡州大道东站路口东向西,4.205E+11,宜昌支队高新区大队,"111.39647,30.6804",2019/1/1,111.39647,30.6804
2.0255E+11,4.205E+19,白洋-S225省道枝城大桥卡口南向北,4.205E+11,宜昌支队高新区大队,"111.5331,30.2849",2018/11/1,111.5331,30.2849
1.03181E+11,4.205E+19,白洋-318国道雅畈卡口西向东,4.205E+11,宜昌支队高新区大队,"111.59126,30.40128",2020/4/28,111.59126,30.40128
6.00112E+11,4.205E+19,高新-港窑路珠海路口北向南卡口,4.205E+11,宜昌支队高新区大队,"111.32814,30.69948",2018/12/1,111.32814,30.69948
6.00112E+11,4.205E+19,高新-城东大道港窑路口西向东卡口,4.205E+11,宜昌支队高新区大队,"111.31876,30.68803",2018/12/1,111.31876,30.68803
6.90189E+11,4.205E+19,高新-城东大道胜利三路口东向西卡口,4.205E+11,宜昌支队高新区大队,"111.316,30.6911",2018/12/1,111.316,30.6911
7.00894E+11,4.205E+19,西陵-大学路黄河路方向东向西卡口,4.20502E+11,宜昌支队西陵大队,"111.31362,30.72614",2015/7/1,111.31362,30.72614
6.00112E+11,4.205E+19,高新-城东大道港窑路口南向北卡口,4.205E+11,宜昌支队高新区大队,"111.31906,30.68845",2018/12/1,111.31906,30.68845
6.90189E+11,4.205E+19,高新-城东大道胜利三路口南向北卡口,4.205E+11,宜昌支队高新区大队,"111.3161,30.6911",2018/12/1,111.3161,30.6911
6.00112E+11,4.205E+19,高新-港窑路青岛路口东向西卡口(道路施工),4.205E+11,宜昌支队高新区大队,"111.32365,30.69684",2018/12/1,111.32365,30.69684
6.00112E+11,4.205E+19,高新-港窑路青岛路口北向南卡口,4.205E+11,宜昌支队高新区大队,"111.32378,30.69638",2018/12/1,111.32378,30.69638
7.80232E+11,4.205E+19,白洋-三新硅业卡口(测速)西向东,4.205E+11,宜昌支队高新区大队,"111.46263,30.43234",2019/6/1,111.46263,30.43234
6.00232E+11,4.205E+19,高新-东山隧道入口北向南,4.205E+11,宜昌支队高新区大队,"111.31195,30.70483",2018/3/20,111.31195,30.70483
5.00021E+11,4.205E+19,高速-G59呼北高速1433KM+200M保宜向,4.205E+11,宜昌支队高速公路管理一大队,"111.6568,30.75836",2017/11/24,111.6568,30.75836
5.00071E+11,4.205E+19,高速-S88岳宜高速126KM+700M岳宜向,4.205E+11,宜昌支队高速公路管理二大队,"111.4814,30.24839",2019/4/1,111.4814,30.24839
6.00072E+11,4.20502E+19,西陵-体育场路胜利三路口东向西,4.20502E+11,宜昌支队西陵大队,"111.31091,30.68895",2018/12/1,111.31091,30.68895
6.00072E+11,4.20502E+19,西陵-体育场路胜利四路口西向东,4.20502E+11,宜昌支队西陵大队,"111.3058,30.6983",2018/12/1,111.3058,30.6983
6.00012E+11,4.20502E+19,西陵-沿江大道西陵一路口东向西,4.20502E+11,宜昌支队西陵大队,"111.2767,30.7018",2018/12/1,111.2767,30.7018
7.05112E+11,4.20505E+19,V亭-长寿路七里冲路口南向北,4.20505E+11,宜昌支队V亭大队,"30.334316,111.272869",2019/11/28,30.334316,111.272869
6.00202E+11,4.20502E+19,西陵-云集路解放路口东向西,4.20502E+11,宜昌支队西陵大队,"111.28655,30.69617",2018/12/1,111.28655,30.69617
6.00212E+11,4.20502E+19,西陵-西陵一路珍珠路口西向东,4.20502E+11,宜昌支队西陵大队,"111.28714,30.70324",2018/12/1,111.28714,30.70324
6.00012E+11,4.20502E+19,西陵-沿江大道环城南路口东向西,4.20502E+11,宜昌支队西陵大队,"111.2816,30.6952",2018/12/1,111.2816,30.6952
6.00032E+11,4.20502E+19,西陵-东山大道云集路口东向西,4.20502E+11,宜昌支队西陵大队,"111.29736,30.70089",2014/3/26,111.29736,30.70089
6.00072E+11,4.20502E+19,西陵-体育场路体育馆前门前西向东,4.20502E+11,宜昌支队西陵大队,"111.3063,30.69809",2016/11/25,111.3063,30.69809
6.00212E+11,4.20502E+19,西陵-西陵一路珍珠路口南向北,4.20502E+11,宜昌支队西陵大队,"111.28694,30.70298",2018/12/1,111.28694,30.70298
6.00022E+11,4.20502E+19,西陵-夷陵大道西陵一路口北向南,4.20502E+11,宜昌支队西陵大队,"111.29185,30.70351",2018/12/1,111.29185,30.70351
7.00662E+11,4.20502E+19,西陵-西陵一路环城东路口南向北,4.20502E+11,宜昌支队西陵大队,"111.283,30.7025",2018/12/1,111.283,30.7025
6.00032E+11,4.20502E+19,西陵-东山大道西陵一路口北向南,4.20502E+11,宜昌支队西陵大队,"111.29669,30.7037",2018/4/29,111.29669,30.7037
6.00022E+11,4.20502E+19,西陵-夷陵大道云集路口西向东,4.20502E+11,宜昌支队西陵大队,"111.29369,30.69939",2018/2/11,111.29369,30.69939
6.00072E+11,4.20502E+19,西陵-体育场路胜利三路口南向北,4.20502E+11,宜昌支队西陵大队,"111.3109,30.6885",2018/12/1,111.3109,30.6885
6.00012E+11,4.20502E+19,西陵-沿江大道云集路口东向西卡口,4.20502E+11,宜昌支队西陵大队,"111.2837,30.6934",2018/12/1,111.2837,30.6934
6.00012E+11,4.20502E+19,西陵-沿江大道西陵一路口西向东卡口,4.20502E+11,宜昌支队西陵大队,"111.2767,30.7018",2018/12/1,111.2767,30.7018
6.00202E+11,4.20502E+19,西陵-云集路解放路口东向西卡口,4.20502E+11,宜昌支队西陵大队,"111.28655,30.69617",2018/12/1,111.28655,30.69617
7.00662E+11,4.20502E+19,西陵-西陵一路环城东路口西向东卡口,4.20502E+11,宜昌支队西陵大队,"111.28263,30.7028",2018/12/1,111.28263,30.7028
6.00022E+11,4.20502E+19,西陵-夷陵大道西陵一路口南向北卡口,4.20502E+11,宜昌支队西陵大队,"111.29185,30.70351",2018/12/1,111.29185,30.70351
6.00072E+11,4.20502E+19,西陵-体育场路胜利三路口北向南卡口,4.20502E+11,宜昌支队西陵大队,"111.3109,30.6885",2018/12/1,111.3109,30.6885
6.00032E+11,4.20502E+19,西陵-东山大道西陵二路口西向东,4.20502E+11,宜昌支队西陵大队,"111.29507,30.7083",2014/5/14,111.29507,30.7083
6.00012E+11,4.20502E+19,西陵-沿江大道西陵二路口西向东,4.20502E+11,宜昌支队西陵大队,"111.28046,30.7117",2019/11/26,111.28046,30.7117
6.00022E+11,4.20502E+19,西陵-夷陵大道西陵二路口东向西,4.20502E+11,宜昌支队西陵大队,"111.2916,30.7087",2019/11/26,111.2916,30.7087
6.00072E+11,4.20502E+19,西陵-体育场路绿萝路口北向南,4.20502E+11,宜昌支队西陵大队,"111.3025,30.7059",2018/12/1,111.3025,30.7059
6.00222E+11,4.20502E+19,西陵-西陵二路珍珠路口北向南,4.20502E+11,宜昌支队西陵大队,"111.2864,30.7089",2019/11/26,111.2864,30.7089
6.00032E+11,4.20502E+19,西陵-东山大道西陵二路口北向南,4.20502E+11,宜昌支队西陵大队,"111.29532,30.70841",2014/5/14,111.29532,30.70841
6.00032E+11,4.20502E+19,西陵-西陵二路金缔华城匝道入口北向南,4.20502E+11,宜昌支队西陵大队,"111.2929,30.70886",2018/2/28,111.2929,30.70886
7.00894E+11,4.20502E+19,西陵-大学路云深路口西向东,4.20502E+11,宜昌支队西陵大队,"111.31311,30.71975",2015/7/16,111.31311,30.71975
6.00853E+11,4.20502E+19,西陵-唐家湾路朝阳路口东向西,4.20502E+11,宜昌支队西陵大队,"111.3251,30.74715",2017/7/12,111.3251,30.74715
6.00042E+11,4.20502E+19,西陵-长江路唐家湾路口西向东,4.20502E+11,宜昌支队西陵大队,"111.32915,30.73624",2017/7/25,111.32915,30.73624
6.00612E+11,4.20502E+19,西坝-西坝路进城西向东,4.20502E+11,宜昌支队葛洲坝大队,"111.28549,30.72646",2016/8/10,111.28549,30.72646
6.00222E+11,4.20502E+19,西陵-西陵二路体育场路口东向西,4.20502E+11,宜昌支队西陵大队,"111.30003,30.70995",2019/1/1,111.30003,30.70995
6.00222E+11,4.20502E+19,西陵-西陵二路体育场路口北向南,4.20502E+11,宜昌支队西陵大队,"111.29961,30.71",2019/1/1,111.29961,30.71
6.00222E+11,4.20502E+19,西陵-西陵二路城东大道口南向北,4.20502E+11,宜昌支队西陵大队,"111.31096,30.7129",2019/1/1,111.31096,30.7129
6.00242E+11,4.20502E+19,西陵-大学路云林路口东向西,4.20502E+11,宜昌支队西陵大队,"111.31434,30.72813",2019/11/26,111.31434,30.72813
6.00632E+11,4.20502E+19,平湖-东湖一路樵湖二路口东向西卡口,4.20502E+11,宜昌支队平湖大队,"111.28717,30.71482",2018/12/1,111.28717,30.71482
6.00672E+11,4.20502E+19,西坝-桥头路建设路口北向南,4.20502E+11,宜昌支队葛洲坝大队,"111.27887,30.7183",2016/9/21,111.27887,30.7183
6.00022E+11,4.20502E+19,平湖-夷陵大道东湖一路口东向西,4.20502E+11,宜昌支队平湖大队,"111.29146,30.71323",2018/12/1,111.29146,30.71323
6.00022E+11,4.20502E+19,平湖-夷陵大道东湖一路口西向东,4.20502E+11,宜昌支队平湖大队,"111.29146,30.71323",2018/12/1,111.29146,30.71323
6.00022E+11,4.20502E+19,平湖-夷陵大道东湖二路口东向西,4.20502E+11,宜昌支队平湖大队,"111.29239,30.71829",2018/12/1,111.29239,30.71829
6.00022E+11,4.20502E+19,平湖-夷陵大道东湖二路口西向东,4.20502E+11,宜昌支队平湖大队,"111.29239,30.71829",2018/12/1,111.29239,30.71829
6.00022E+11,4.20502E+19,平湖-夷陵大道樵湖二路口东向西,4.20502E+11,宜昌支队平湖大队,"111.29131,30.72169",2014/5/14,111.29131,30.72169
6.00022E+11,4.20502E+19,平湖-夷陵大道团结路口东向西,4.20502E+11,宜昌支队平湖大队,"111.29186,30.71617",2018/12/1,111.29186,30.71617
6.00022E+11,4.20502E+19,平湖-夷陵大道团结路口西向东,4.20502E+11,宜昌支队平湖大队,"111.29186,30.71617",2018/12/1,111.29186,30.71617
6.00632E+11,4.20502E+19,平湖-东湖一路樵湖二路口东向西,4.20502E+11,宜昌支队平湖大队,"111.28717,30.71482",2018/12/1,111.28717,30.71482
6.00632E+11,4.20502E+19,平湖-东湖一路樵湖二路口西向东,4.20502E+11,宜昌支队平湖大队,"111.28726,30.71503",2018/12/1,111.28726,30.71503
6.00341E+11,4.20503E+19,西陵-东山四路朝阳路口东向西卡口,4.20502E+11,宜昌支队西陵大队,"111.32766,30.74853",2020/5/18,111.32766,30.74853
6.00032E+11,4.20502E+19,平湖-东山大道东湖二路口西向东,4.20502E+11,宜昌支队平湖大队,"111.2881,30.7208",2015/7/24,111.2881,30.7208
6.00032E+11,4.20502E+19,平湖-东山大道团结路口东向西,4.20502E+11,宜昌支队平湖大队,"111.2938,30.7161",2015/7/24,111.2938,30.7161
6.00032E+11,4.20502E+19,平湖-东山大道团结路口西向东,4.20502E+11,宜昌支队平湖大队,"111.2938,30.7161",2015/7/24,111.2938,30.7161
702351015,4.20505E+19,点军-将军路银河路口南向北,f40e813ad9364cf891bb595f7fbe6c7d,测试,",",2020/6/19,,
702351015,4.20505E+19,点军-将军路银河路口东向西,f40e813ad9364cf891bb595f7fbe6c7d,测试,",",2020/6/19,,
702351019,4.20505E+19,点军-将军路惠科路口东向西,f40e813ad9364cf891bb595f7fbe6c7d,测试,",",2020/6/19,,
6.00032E+11,4.20502E+19,平湖-东山大道东湖一路口东向西,4.20502E+11,宜昌支队平湖大队,"111.29445,30.71175",2015/7/27,111.29445,30.71175
702351019,4.20505E+19,点军-将军路惠科路口南向北,f40e813ad9364cf891bb595f7fbe6c7d,测试,",",2020/6/19,,
702351019,4.20505E+19,点军-将军路惠科路口西向东,f40e813ad9364cf891bb595f7fbe6c7d,测试,",",2020/6/19,,
6.00032E+11,4.20502E+19,平湖-东山大道东湖一路口西向东,4.20502E+11,宜昌支队平湖大队,"111.29445,30.71175",2015/7/27,111.29445,30.71175
6.00032E+11,4.20502E+19,平湖-东山大道22中学站西向东,4.20502E+11,宜昌支队平湖大队,"111.29382,30.71653",2015/8/17,111.29382,30.71653
6.00032E+11,4.20502E+19,平湖-东山大道刘家大堰站东向西,4.20502E+11,宜昌支队平湖大队,"111.29461,30.71126",2015/8/17,111.29461,30.71126
6.00022E+11,4.20502E+19,平湖-夷陵大道东湖一路口南向北,4.20502E+11,宜昌支队平湖大队,"111.29156,30.71349",2018/12/1,111.29156,30.71349
6.00022E+11,4.20502E+19,平湖-夷陵大道团结路口南向北,4.20502E+11,宜昌支队平湖大队,"111.29154,30.71607",2018/12/1,111.29154,30.71607
6.05042E+11,4.20505E+19,V亭-V亭大道南玻路口东向西,4.20505E+11,宜昌支队V亭大队,"111.45006,30.50876",2019/11/25,111.45006,30.50876
6.00032E+11,4.20502E+19,平湖-东山大道东湖二路口南向北,4.20502E+11,宜昌支队平湖大队,"111.2938,30.7183",2015/7/24,111.2938,30.7183
6.00022E+11,4.20502E+19,平湖-夷陵大道樵湖二路口南向北,4.20502E+11,宜昌支队平湖大队,"111.29149,30.72142",2014/5/14,111.29149,30.72142
7.02031E+11,4.20502E+19,坝区-龙潭路检查站出口北向南,4.20502E+11,宜昌支队三峡坝区大队,"111.07935,30.83867",2020/4/28,111.07935,30.83867
6.00012E+11,4.20502E+19,平湖-沿江大道东湖一路口南向北,4.20502E+11,宜昌支队平湖大队,"111.2838,30.71632",2014/5/12,111.2838,30.71632
6.00022E+11,4.20502E+19,平湖-夷陵大道东湖二路口北向南,4.20502E+11,宜昌支队平湖大队,"111.29264,30.71847",2018/12/1,111.29264,30.71847
6.00032E+11,4.20502E+19,平湖-馨岛之星酒店东向西卡口,4.20502E+11,宜昌支队平湖大队,"111.29377,30.72011",2020/4/20,111.29377,30.72011
6.00022E+11,4.20502E+19,平湖-夷陵大道东湖二路口东向西卡口,4.20502E+11,宜昌支队平湖大队,"111.29239,30.71829",2018/12/1,111.29239,30.71829
6.00022E+11,4.20502E+19,平湖-夷陵大道团结路口西向东卡口,4.20502E+11,宜昌支队平湖大队,"111.29186,30.71617",2018/12/1,111.29186,30.71617
6.00022E+11,4.20502E+19,平湖-夷陵大道东湖二路口北向南卡口,4.20502E+11,宜昌支队平湖大队,"111.29264,30.71847",2018/12/1,111.29264,30.71847
7.0051E+11,4.20503E+19,西陵-二马路福绥路口西向东,4.20502E+11,宜昌支队西陵大队,"111.28704,30.6945",2019/1/3,111.28704,30.6945
6.00012E+11,4.20503E+19,伍家-沿江大道胜利三路口西向东,4.20503E+11,宜昌支队伍家大队,"111.2982,30.6851",2018/12/1,111.2982,30.6851
6.00022E+11,4.20503E+19,伍家-夷陵大道胜利一路口东向西,4.20503E+11,宜昌支队伍家大队,"111.30498,30.68382",2018/12/1,111.30498,30.68382
6.00022E+11,4.20503E+19,伍家-夷陵大道胜利三路口西向东,4.20503E+11,宜昌支队伍家大队,"111.30026,30.68767",2018/12/1,111.30026,30.68767
6.00012E+11,4.20503E+19,伍家-沿江大道万达路口西向东,4.20503E+11,宜昌支队伍家大队,"111.3088,30.6786",2018/12/1,111.3088,30.6786
6.00032E+11,4.20503E+19,伍家-东山大道胜利四路口东向西,4.20503E+11,宜昌支队伍家大队,"111.30034,30.69384",2015/7/27,111.30034,30.69384
6.00012E+11,4.20503E+19,伍家-沿江大道胜利四路口北向南,4.20503E+11,宜昌支队伍家大队,"111.29421,30.68773",2018/12/1,111.29421,30.68773
6.00022E+11,4.20503E+19,伍家-夷陵大道胜利三路口北向南,4.20503E+11,宜昌支队伍家大队,"111.3004,30.6875",2018/12/1,111.3004,30.6875
6.00012E+11,4.20503E+19,伍家-沿江大道一马路口北向南,4.20503E+11,宜昌支队伍家大队,"111.29026,30.68965",2018/12/1,111.29026,30.68965
6.00012E+11,4.20503E+19,伍家-沿江大道江海路卡口西向东,4.20503E+11,宜昌支队伍家大队,"111.30611,30.68074",2017/4/11,111.30611,30.68074
6.00012E+11,4.20503E+19,伍家-沿江大道胜利一路口东向西卡口,4.20503E+11,宜昌支队伍家大队,"111.3039,30.6819",2018/12/1,111.3039,30.6819
6.00012E+11,4.20503E+19,伍家-沿江大道胜利三路口西向东卡口,4.20503E+11,宜昌支队伍家大队,"111.2982,30.6851",2018/12/1,111.2982,30.6851
6.00022E+11,4.20503E+19,伍家-夷陵大道胜利一路口东向西卡口,4.20503E+11,宜昌支队伍家大队,"111.30498,30.68382",2018/12/1,111.30498,30.68382
6.00022E+11,4.20503E+19,伍家-夷陵大道胜利四路口东向西卡口,4.20503E+11,宜昌支队伍家大队,"111.2979,30.69193",2018/12/1,111.2979,30.69193
6.00012E+11,4.20503E+19,伍家-沿江大道万达路口西向东卡口,4.20503E+11,宜昌支队伍家大队,"111.3088,30.6786",2018/12/1,111.3088,30.6786
6.00012E+11,4.20503E+19,伍家-沿江大道胜利三路口北向南卡口,4.20503E+11,宜昌支队伍家大队,"111.29841,30.68536",2014/3/14,111.29841,30.68536
6.00022E+11,4.20503E+19,伍家-夷陵大道胜利三路口南向北卡口,4.20503E+11,宜昌支队伍家大队,"111.3004,30.6875",2018/12/1,111.3004,30.6875
6.00012E+11,4.20503E+19,伍家-沿江大道万达路口北向南卡口,4.20503E+11,宜昌支队伍家大队,"111.30901,30.67896",2018/12/1,111.30901,30.67896
6.00022E+11,4.20503E+19,伍家-夷陵大道港窑路口东向西,4.20503E+11,宜昌支队伍家大队,"111.31378,30.67793",2018/12/1,111.31378,30.67793
6.00012E+11,4.20503E+19,伍家-沿江大道杨岔路口东向西,4.20503E+11,宜昌支队伍家大队,"111.3198,30.67",2018/12/1,111.3198,30.67
6.00012E+11,4.20503E+19,伍家-沿江大道中南路口西向东,4.20503E+11,宜昌支队伍家大队,"111.3239,30.6658",2018/12/1,111.3239,30.6658
6.00032E+11,4.20503E+19,伍家-东山大道体育场路口西向东,4.20503E+11,宜昌支队伍家大队,"111.31199,30.6832",2015/7/23,111.31199,30.6832
6.00032E+11,4.20503E+19,伍家-东山大道杨岔路口东向西,4.20503E+11,宜昌支队伍家大队,"111.32254,30.67264",2015/7/27,111.32254,30.67264
6.00032E+11,4.20503E+19,伍家-东山大道合益路口东向西,4.20503E+11,宜昌支队伍家大队,"111.3308,30.6644",2015/7/30,111.3308,30.6644
5.00031E+11,4.20504E+19,点军-点军大道江城大道口南向北,4.20504E+11,宜昌支队点军大队,"111.24842,30.71322",2019/12/1,111.24842,30.71322
6.00032E+11,4.20503E+19,伍家-东山大道金龙路口西向东,4.20503E+11,宜昌支队伍家大队,"111.33592,30.65936",2015/8/13,111.33592,30.65936
6.00032E+11,4.20503E+19,伍家-东山大道杨岔路站西向东,4.20503E+11,宜昌支队伍家大队,"111.32227,30.67299",2015/8/17,111.32227,30.67299
6.00032E+11,4.20503E+19,伍家-东山大道宝塔河站台东向西,4.20503E+11,宜昌支队伍家大队,"111.3317,30.6635",2015/8/17,111.3317,30.6635
6.00032E+11,4.20503E+19,伍家-东山大道艾家嘴站台西向东,4.20503E+11,宜昌支队伍家大队,"111.3374,30.6586",2015/8/17,111.3374,30.6586
6.00019E+11,4.20503E+19,伍家-沿江大道中南二号人行横道西向东,4.20503E+11,宜昌支队伍家大队,"111.32488,30.66509",2015/9/29,111.32488,30.66509
6.00022E+11,4.20503E+19,伍家-夷陵大道中南路口北向南,4.20503E+11,宜昌支队伍家大队,"111.32583,30.66772",2018/12/1,111.32583,30.66772
6.00012E+11,4.20503E+19,伍家-沿江大道杨岔路口北向南,4.20503E+11,宜昌支队伍家大队,"111.32001,30.67031",2018/12/1,111.32001,30.67031
6.00032E+11,4.20503E+19,伍家-东山大道港窑路口北向南,4.20503E+11,宜昌支队伍家大队,"111.31469,30.68103",2015/7/13,111.31469,30.68103
6.00032E+11,4.20503E+19,伍家-东山大道杨岔路口北向南,4.20503E+11,宜昌支队伍家大队,"111.3226,30.6724",2015/7/27,111.3226,30.6724
6.00032E+11,4.20503E+19,伍家-东山大道合益路口北向南,4.20503E+11,宜昌支队伍家大队,"111.3308,30.6644",2015/7/30,111.3308,30.6644
6.00022E+11,4.20503E+19,伍家-夷陵大道杨岔路口东向西,4.20503E+11,宜昌支队伍家大队,"111.32096,30.67143",2018/12/1,111.32096,30.67143
6.00019E+11,4.20503E+19,伍家-沿江大道虹桥国际卡口东向西,4.20503E+11,宜昌支队伍家大队,"111.33208,30.65832",2017/1/11,111.33208,30.65832
6.00022E+11,4.20503E+19,伍家-夷陵大道亚栈路口东向西,4.20503E+11,宜昌支队伍家大队,"111.31667,30.67598",2018/12/1,111.31667,30.67598
6.00022E+11,4.20503E+19,伍家-夷陵大道中南路口东向西卡口,4.20503E+11,宜昌支队伍家大队,"111.3257,30.6675",2018/12/1,111.3257,30.6675
6.00022E+11,4.20503E+19,伍家-夷陵大道港窑路口西向东卡口,4.20503E+11,宜昌支队伍家大队,"111.31378,30.67793",2018/12/1,111.31378,30.67793
6.00012E+11,4.20503E+19,伍家-沿江大道杨岔路口西向东卡口,4.20503E+11,宜昌支队伍家大队,"111.3198,30.67",2018/12/1,111.3198,30.67
6.00022E+11,4.20503E+19,伍家-夷陵大道中南路口南向北卡口,4.20503E+11,宜昌支队伍家大队,"111.32583,30.66772",2018/12/1,111.32583,30.66772
6.00012E+11,4.20503E+19,伍家-沿江大道港窑路口北向南卡口,4.20503E+11,宜昌支队伍家大队,"111.3129,30.67613",2018/12/1,111.3129,30.67613
6.00022E+11,4.20503E+19,伍家-夷陵大道亚栈路口北向南卡口,4.20503E+11,宜昌支队伍家大队,"111.31671,30.67572",2018/12/1,111.31671,30.67572
6.00022E+11,4.20503E+19,伍家-夷陵大道白沙路口东向西,4.20503E+11,宜昌支队伍家大队,"111.35616,30.64405",2018/12/1,111.35616,30.64405
6.00022E+11,4.20503E+19,伍家-夷陵大道王家河路口西向东,4.20503E+11,宜昌支队伍家大队,"111.34143,30.65334",2018/12/1,111.34143,30.65334
6.00032E+11,4.20503E+19,伍家-东山大道白沙路口东向西,4.20503E+11,宜昌支队伍家大队,"111.3568,30.6454",2015/7/27,111.3568,30.6454
6.00032E+11,4.20503E+19,伍家-东山大道伍家岗站东向西,4.20503E+11,宜昌支队伍家大队,"111.35518,30.64588",2015/8/17,111.35518,30.64588
6.00082E+11,4.20503E+19,伍家-桔城路五一广场站北向南,4.20503E+11,宜昌支队伍家大队,"111.3609,30.6482",2015/8/17,111.3609,30.6482
6.00022E+11,4.20503E+19,伍家-夷陵大道白沙路口南向北,4.20503E+11,宜昌支队伍家大队,"111.35642,30.64427",2018/12/1,111.35642,30.64427
6.00022E+11,4.20503E+19,伍家-夷陵大道王家河路口北向南,4.20503E+11,宜昌支队伍家大队,"111.34159,30.65331",2018/12/1,111.34159,30.65331
6.00132E+11,4.20503E+19,伍家-伍临路沈家店路口东向西,4.20503E+11,宜昌支队伍家大队,"111.3621,30.6379",2018/10/15,111.3621,30.6379
6.00022E+11,4.20503E+19,伍家-夷陵大道胜利四路口西向东卡口,4.20503E+11,宜昌支队伍家大队,"111.2979,30.69193",2018/12/1,111.2979,30.69193
6.00012E+11,4.20503E+19,伍家-沿江大道万达路口东向西卡口,4.20503E+11,宜昌支队伍家大队,"111.3088,30.6786",2018/12/1,111.3088,30.6786
6.00012E+11,4.20503E+19,伍家-沿江大道一马路口东向西卡口,4.20503E+11,宜昌支队伍家大队,"111.29037,30.68951",2018/12/1,111.29037,30.68951
6.00012E+11,4.20503E+19,伍家-沿江大道一马路口西向东卡口,4.20503E+11,宜昌支队伍家大队,"111.28997,30.68963",2018/12/1,111.28997,30.68963
6.00012E+11,4.20503E+19,伍家-沿江大道胜利一路口北向南卡口,4.20503E+11,宜昌支队伍家大队,"111.30409,30.68212",2018/12/1,111.30409,30.68212
6.00012E+11,4.20503E+19,伍家-沿江大道胜利四路口北向南卡口,4.20503E+11,宜昌支队伍家大队,"111.29422,30.6878",2018/12/1,111.29422,30.6878
6.00022E+11,4.20503E+19,伍家-夷陵大道胜利一路口南向北卡口,4.20503E+11,宜昌支队伍家大队,"111.3052,30.6836",2018/12/1,111.3052,30.6836
6.00022E+11,4.20503E+19,伍家-夷陵大道胜利三路口北向南卡口,4.20503E+11,宜昌支队伍家大队,"111.3004,30.6875",2018/12/1,111.3004,30.6875
6.00022E+11,4.20503E+19,伍家-夷陵大道胜利四路口南向北卡口,4.20503E+11,宜昌支队伍家大队,"111.2979,30.6918",2018/12/1,111.2979,30.6918
6.00022E+11,4.20503E+19,伍家-夷陵大道中南路口东向西,4.20503E+11,宜昌支队伍家大队,"111.3257,30.6675",2018/12/1,111.3257,30.6675
6.00022E+11,4.20503E+19,伍家-夷陵大道中南路口西向东,4.20503E+11,宜昌支队伍家大队,"111.3257,30.6675",2018/12/1,111.3257,30.6675
6.05042E+11,4.20505E+19,V亭-V亭大道南玻路口西向东,4.20505E+11,宜昌支队V亭大队,"111.44989,30.50918",2019/11/25,111.44989,30.50918
6.05032E+11,4.20505E+19,V亭-金岭路亚元路口东向西,4.20505E+11,宜昌支队V亭大队,"111.43416,30.52439",2017/3/23,111.43416,30.52439
6.05032E+11,4.20505E+19,V亭-金岭路亚元路口西向东,4.20505E+11,宜昌支队V亭大队,"111.43397,30.5247",2017/3/23,111.43397,30.5247
6.05112E+11,4.20505E+19,V亭-V亭大道先锋路口南向北,4.20505E+11,宜昌支队V亭大队,"111.42812,30.54523",2014/3/14,111.42812,30.54523
6.05112E+11,4.20505E+19,V亭-V亭大道先锋路口北向南,4.20505E+11,宜昌支队V亭大队,"111.42876,30.54611",2014/3/14,111.42876,30.54611
6.05102E+11,4.20505E+19,V亭-金V路金岭路口北向南,4.20505E+11,宜昌支队V亭大队,"111.42919,30.53394",2015/11/3,111.42919,30.53394
6.05042E+11,4.20505E+19,V亭-V亭大道民主路口南向北,4.20505E+11,宜昌支队V亭大队,"111.432,30.54302",2016/10/20,111.432,30.54302
6.05042E+11,4.20505E+19,V亭-V亭大道民主路口北向南,4.20505E+11,宜昌支队V亭大队,"111.43245,30.5435",2016/10/20,111.43245,30.5435
6.05042E+11,4.20505E+19,V亭-V亭大道南玻路口北向南,4.20505E+11,宜昌支队V亭大队,"111.45019,30.50901",2019/11/25,111.45019,30.50901
6.05032E+11,4.20505E+19,V亭-金岭路亚元路口南向北,4.20505E+11,宜昌支队V亭大队,"111.43387,30.52444",2017/3/23,111.43387,30.52444
6.05042E+11,4.20505E+19,V亭-V亭大道横四路口南向北,4.20505E+11,宜昌支队V亭大队,"111.42192,30.54927",2017/3/23,111.42192,30.54927
6.90366E+11,4.20505E+19,V亭-张家湾路七里冲路口南向北,4.20505E+11,宜昌支队V亭大队,"111.46024,30.55678",2017/4/14,111.46024,30.55678
6.05062E+11,4.20505E+19,V亭-金岭路南玻路口东向西,4.20505E+11,宜昌支队V亭大队,"111.44503,30.50684",2019/11/25,111.44503,30.50684
6.05062E+11,4.20505E+19,V亭-金岭路南玻路口西向东,4.20505E+11,宜昌支队V亭大队,"111.44489,30.50713",2019/11/25,111.44489,30.50713
6.05062E+11,4.20505E+19,V亭-金岭路南玻路口南向北,4.20505E+11,宜昌支队V亭大队,"111.44483,30.50691",2019/11/25,111.44483,30.50691
6.05092E+11,4.20505E+19,V亭-金岭路正大路口东向西,4.20505E+11,宜昌支队V亭大队,"111.4317,30.52886",2019/11/25,111.4317,30.52886
6.05092E+11,4.20505E+19,V亭-金岭路正大路口西向东,4.20505E+11,宜昌支队V亭大队,"111.4315,30.52919",2019/11/25,111.4315,30.52919
6.05092E+11,4.20505E+19,V亭-金岭路正大路口北向南,4.20505E+11,宜昌支队V亭大队,"111.4318,30.52916",2019/11/25,111.4318,30.52916
6.05032E+11,4.20505E+19,V亭-金岭路民主路口东向西,4.20505E+11,宜昌支队V亭大队,"111.42694,30.53767",2020/4/28,111.42694,30.53767
6.05032E+11,4.20505E+19,V亭-金岭路民主路口西向东,4.20505E+11,宜昌支队V亭大队,"111.42674,30.53803",2020/4/28,111.42674,30.53803
6.05032E+11,4.20505E+19,V亭-金岭路民主路口北向南,4.20505E+11,宜昌支队V亭大队,"111.42705,30.53801",2020/4/28,111.42705,30.53801
6.05032E+11,4.20505E+19,V亭-金岭路迎宾大道路口东向西,4.20505E+11,宜昌支队V亭大队,"111.43672,30.51987",2017/10/23,111.43672,30.51987
6.05032E+11,4.20505E+19,V亭-金岭路迎宾大道路口南向北,4.20505E+11,宜昌支队V亭大队,"111.4364,30.51992",2017/10/23,111.4364,30.51992
7.05032E+11,4.20505E+19,V亭-民主路鸡山路口南向北,4.20505E+11,宜昌支队V亭大队,"111.44898,30.55583",2020/4/28,111.44898,30.55583
6.05032E+11,4.20505E+19,V亭-金岭路民主路口北向南卡口,4.20505E+11,宜昌支队V亭大队,"111.42718,30.53803",2020/5/21,111.42718,30.53803
6.05032E+11,4.20505E+19,V亭-金岭路民主路口南向北卡口,4.20505E+11,宜昌支队V亭大队,"111.42648,30.53751",2020/5/21,111.42648,30.53751
702351019,4.20505E+19,点军-将军路惠科路口北向南,f40e813ad9364cf891bb595f7fbe6c7d,测试,",",2020/6/19,,
6.05032E+11,4.20505E+19,V亭-金岭路迎宾大道路口北向南,4.20505E+11,宜昌支队V亭大队,"111.43685,30.5201",2017/10/23,111.43685,30.5201
6.05042E+11,4.20505E+19,V亭-V亭大道迎宾大道口南向北,4.20505E+11,宜昌支队V亭大队,"111.44379,30.52317",2019/11/25,111.44379,30.52317
6.05042E+11,4.20505E+19,V亭-V亭大道迎宾大道口东向西,4.20505E+11,宜昌支队V亭大队,"111.44414,30.52303",2019/11/25,111.44414,30.52303
6.05042E+11,4.20505E+19,V亭-V亭大道迎宾大道口西向东,4.20505E+11,宜昌支队V亭大队,"111.44396,30.52347",2019/11/25,111.44396,30.52347
7.05032E+11,4.20505E+19,V亭-民主路鸡山路口北向南,4.20505E+11,宜昌支队V亭大队,"111.44934,30.55609",2020/4/28,111.44934,30.55609
6.90336E+11,4.20505E+19,V亭-民主路先锋一路口西向东,4.20505E+11,宜昌支队V亭大队,"111.44218,30.55147",2019/11/25,111.44218,30.55147
6.00022E+11,4.20503E+19,伍家-夷陵大道港窑路口西向东,4.20503E+11,宜昌支队伍家大队,"111.31378,30.67793",2018/12/1,111.31378,30.67793
6.00012E+11,4.20503E+19,伍家-沿江大道港窑路口东向西,4.20503E+11,宜昌支队伍家大队,"111.31287,30.67588",2018/12/1,111.31287,30.67588
6.00012E+11,4.20503E+19,伍家-沿江大道港窑路口西向东,4.20503E+11,宜昌支队伍家大队,"111.31261,30.67606",2018/12/1,111.31261,30.67606
6.00012E+11,4.20503E+19,伍家-沿江大道杨岔路口西向东,4.20503E+11,宜昌支队伍家大队,"111.3198,30.67",2018/12/1,111.3198,30.67
6.00012E+11,4.20503E+19,伍家-沿江大道中南路口东向西,4.20503E+11,宜昌支队伍家大队,"111.3239,30.6658",2018/12/1,111.3239,30.6658
6.00032E+11,4.20503E+19,伍家-东山大道港窑路口东向西,4.20503E+11,宜昌支队伍家大队,"111.3146,30.6809",2015/7/13,111.3146,30.6809
6.00032E+11,4.20503E+19,伍家-东山大道港窑路口西向东,4.20503E+11,宜昌支队伍家大队,"111.3146,30.6809",2015/7/13,111.3146,30.6809
6.00032E+11,4.20503E+19,伍家-东山大道体育场路口东向西,4.20503E+11,宜昌支队伍家大队,"111.31199,30.6832",2015/7/23,111.31199,30.6832
6.00032E+11,4.20503E+19,伍家-东山大道亚栈路口东向西,4.20503E+11,宜昌支队伍家大队,"111.31786,30.67661",2015/7/27,111.31786,30.67661
6.00032E+11,4.20503E+19,伍家-东山大道亚栈路口西向东,4.20503E+11,宜昌支队伍家大队,"111.31786,30.67661",2015/7/27,111.31786,30.67661
6.00032E+11,4.20503E+19,伍家-东山大道杨岔路口西向东,4.20503E+11,宜昌支队伍家大队,"111.32254,30.67264",2015/7/27,111.32254,30.67264
6.00032E+11,4.20503E+19,伍家-东山大道中南路口东向西,4.20503E+11,宜昌支队伍家大队,"111.3266,30.6684",2015/7/27,111.3266,30.6684
6.00032E+11,4.20503E+19,伍家-东山大道中南路口西向东,4.20503E+11,宜昌支队伍家大队,"111.3266,30.6684",2015/7/27,111.3266,30.6684
6.00032E+11,4.20503E+19,伍家-东山大道合益路口西向东,4.20503E+11,宜昌支队伍家大队,"111.3308,30.6644",2015/7/30,111.3308,30.6644
6.00032E+11,4.20503E+19,伍家-东山大道金龙路口东向西,4.20503E+11,宜昌支队伍家大队,"111.33592,30.65936",2015/8/13,111.33592,30.65936
6.00032E+11,4.20503E+19,伍家-东山大道万寿桥站东向西,4.20503E+11,宜昌支队伍家大队,"111.31993,30.67539",2015/8/17,111.31993,30.67539
6.00032E+11,4.20503E+19,伍家-东山大道万寿桥站西向东,4.20503E+11,宜昌支队伍家大队,"111.31993,30.67539",2015/8/17,111.31993,30.67539
6.00032E+11,4.20503E+19,伍家-东山大道杨岔路站东向西卡口,4.20503E+11,宜昌支队伍家大队,"111.32227,30.67299",2015/8/17,111.32227,30.67299
6.00032E+11,4.20503E+19,伍家-东山大道中南路站东向西,4.20503E+11,宜昌支队伍家大队,"111.327,30.6681",2015/8/17,111.327,30.6681
5.00061E+11,4.205E+19,高新-峡州大道东站路口北向南,4.205E+11,宜昌支队高新区大队,"111.39658,30.67985",2019/1/1,111.39658,30.67985
202550006100,4.205E+19,白洋-S225省道枝城大桥卡口北向南,4.205E+11,宜昌支队高新区大队,"111.5331,30.2849",2018/11/1,111.5331,30.2849
1.03181E+11,4.205E+19,白洋-318国道雅畈卡口东向西,4.205E+11,宜昌支队高新区大队,"111.59126,30.40128",2020/4/28,111.59126,30.40128
6.00112E+11,4.205E+19,高新-港窑路珠海路口西向东卡口,4.205E+11,宜昌支队高新区大队,"111.32841,30.69993",2018/12/1,111.32841,30.69993
6.00112E+11,4.205E+19,高新-港窑路珠海路口南向北卡口,4.205E+11,宜昌支队高新区大队,"111.32814,30.69948",2018/12/1,111.32814,30.69948
6.90366E+11,4.20505E+19,V亭-先锋路张家湾路口南向北,4.20505E+11,宜昌支队V亭大队,"111.45233,30.56663",2018/4/28,111.45233,30.56663
6.90366E+11,4.20505E+19,V亭-先锋路张家湾路口北向南,4.20505E+11,宜昌支队V亭大队,"111.45284,30.56689",2018/4/28,111.45284,30.56689
6.90356E+11,4.20505E+19,V亭-先锋路鸡山路口南向北,4.20505E+11,宜昌支队V亭大队,"111.44357,30.56267",2019/11/25,111.44357,30.56267
6.90356E+11,4.20505E+19,V亭-先锋路鸡山路口北向南,4.20505E+11,宜昌支队V亭大队,"111.44399,30.56297",2019/11/25,111.44399,30.56297
6.90336E+11,4.20505E+19,V亭-先锋路先锋一路口西向东,4.20505E+11,宜昌支队V亭大队,"111.43619,30.55722",2019/11/26,111.43619,30.55722
6.90336E+11,4.20505E+19,V亭-先锋路先锋一路口南向北,4.20505E+11,宜昌支队V亭大队,"111.43624,30.55682",2019/11/26,111.43624,30.55682
6.90336E+11,4.20505E+19,V亭-先锋路先锋一路口北向南,4.20505E+11,宜昌支队V亭大队,"111.43661,30.55724",2019/11/26,111.43661,30.55724
6.05052E+11,4.20505E+19,V亭-机场路民主路口西向东,4.20505E+11,宜昌支队V亭大队,"111.46767,30.56758",2018/11/1,111.46767,30.56758
6.05052E+11,4.20505E+19,V亭-机场路民主路口南向北,4.20505E+11,宜昌支队V亭大队,"111.46767,30.56758",2018/11/1,111.46767,30.56758
6.05042E+11,4.20505E+19,V亭-V亭大道正大路口西向东卡口,4.20505E+11,宜昌支队V亭大队,"111.43984,30.53321",2015/7/27,111.43984,30.53321
6.05112E+11,4.20505E+19,V亭-V亭大道先锋路口西向东卡口,4.20505E+11,宜昌支队V亭大队,"111.42796,30.54606",2014/3/14,111.42796,30.54606
6.05112E+11,4.20505E+19,V亭-V亭大道先锋路口南向北卡口,4.20505E+11,宜昌支队V亭大队,"111.42796,30.54507",2015/7/27,111.42796,30.54507
7.05032E+11,4.20505E+19,V亭-民主路鸡山路口西向东卡口,4.20505E+11,宜昌支队V亭大队,"111.44898,30.55641",2019/11/27,111.44898,30.55641
7.05032E+11,4.20505E+19,V亭-民主路鸡山路口南向北卡口,4.20505E+11,宜昌支队V亭大队,"111.44884,30.55576",2020/4/28,111.44884,30.55576
6.90336E+11,4.20505E+19,V亭-民主路先锋一路口西向东卡口,4.20505E+11,宜昌支队V亭大队,"111.44204,30.5516",2019/11/26,111.44204,30.5516
6.90336E+11,4.20505E+19,V亭-民主路先锋一路口南向北卡口,4.20505E+11,宜昌支队V亭大队,"111.44209,30.55111",2019/11/26,111.44209,30.55111
6.90366E+11,4.20505E+19,V亭-先锋路张家湾路口东向西卡口,4.20505E+11,宜昌支队V亭大队,"111.45275,30.56653",2018/4/28,111.45275,30.56653
6.90366E+11,4.20505E+19,V亭-先锋路张家湾路口西向东卡口,4.20505E+11,宜昌支队V亭大队,"111.45239,30.56697",2018/4/28,111.45239,30.56697
6.90366E+11,4.20505E+19,V亭-先锋路张家湾路口南向北卡口,4.20505E+11,宜昌支队V亭大队,"111.45228,30.56661",2018/4/28,111.45228,30.56661
6.90356E+11,4.20505E+19,V亭-先锋路鸡山路口东向西卡口,4.20505E+11,宜昌支队V亭大队,"111.44403,30.56257",2019/11/26,111.44403,30.56257
6.90356E+11,4.20505E+19,V亭-先锋路鸡山路口南向北卡口,4.20505E+11,宜昌支队V亭大队,"111.44338,30.5626",2019/11/26,111.44338,30.5626
6.90336E+11,4.20505E+19,V亭-先锋路先锋一路口东向西卡口,4.20505E+11,宜昌支队V亭大队,"111.4369,30.55661",2019/11/26,111.4369,30.55661
6.90336E+11,4.20505E+19,V亭-先锋路先锋一路口西向东卡口,4.20505E+11,宜昌支队V亭大队,"111.43598,30.55748",2019/11/26,111.43598,30.55748
6.90336E+11,4.20505E+19,V亭-先锋路先锋一路口南向北卡口,4.20505E+11,宜昌支队V亭大队,"111.4361,30.55668",2019/11/26,111.4361,30.55668
6.05052E+11,4.20505E+19,V亭-机场路民主路口东向西卡口,4.20505E+11,宜昌支队V亭大队,"111.46767,30.56758",2018/11/1,111.46767,30.56758
6.05052E+11,4.20505E+19,V亭-机场路民主路口西向东卡口,4.20505E+11,宜昌支队V亭大队,"111.46767,30.56758",2018/11/1,111.46767,30.56758
6.0504E+11,4.20505E+19,V亭-318国道V亭古战场东向西卡口,4.20505E+11,宜昌支队V亭大队,"111.40286,30.57102",2016/6/3,111.40286,30.57102
6.0504E+11,4.20505E+19,V亭-318国道V亭船厂出城西向东卡口,4.20505E+11,宜昌支队V亭大队,"111.40635,30.56541",2014/5/15,111.40635,30.56541
6.05042E+11,4.20505E+19,V亭-宜化路段卡口(测速)东向西,4.20505E+11,宜昌支队V亭大队,"111.44509,30.52092",2014/3/14,111.44509,30.52092
6.00012E+11,4.20503E+19,伍家-沿江大道万达路口东向西,4.20503E+11,宜昌支队伍家大队,"111.3088,30.6786",2018/12/1,111.3088,30.6786
6.0406E+11,4.20506E+19,夷陵-土门大桥卡口西向东,f40e813ad9364cf891bb595f7fbe6c7d,测试,"111.45189,30.67906",2015/10/19,111.45189,30.67906
5.00019E+11,4.20502E+19,坝区-下岸溪检查站(坝宜出口)由西向东,4.20502E+11,宜昌支队三峡坝区大队,"111.11522,30.85308",2019/9/3,111.11522,30.85308
5.00019E+11,4.20502E+19,坝区-冯家湾检查站入口东向西,4.20502E+11,宜昌支队三峡坝区大队,"111.30001,30.76318",2018/11/24,111.30001,30.76318
5.00019E+11,4.20502E+19,坝区-冯家湾检查站出口西向东,4.20502E+11,宜昌支队三峡坝区大队,"111.30027,30.76283",2018/11/24,111.30027,30.76283
6.00012E+11,4.20502E+19,平湖-沿江大道东湖一路口东向西,4.20502E+11,宜昌支队平湖大队,"111.28359,30.71636",2014/5/12,111.28359,30.71636
6.00012E+11,4.20502E+19,平湖-沿江大道东湖一路口西向东,4.20502E+11,宜昌支队平湖大队,"111.28374,30.71666",2014/5/12,111.28374,30.71666
6.00012E+11,4.20502E+19,平湖-沿江大道东湖一路口北向南,4.20502E+11,宜昌支队平湖大队,"111.28387,30.71648",2014/5/12,111.28387,30.71648
6.00022E+11,4.20502E+19,平湖-夷陵大道东湖二路口南向北,4.20502E+11,宜昌支队平湖大队,"111.29264,30.71847",2018/12/1,111.29264,30.71847
6.00032E+11,4.20502E+19,平湖-东山大道葛洲坝站东向西卡口,4.20502E+11,宜昌支队平湖大队,"111.29382,30.72293",2020/4/28,111.29382,30.72293
6.00032E+11,4.20502E+19,平湖-东山大道葛洲坝站西向东卡口,4.20502E+11,宜昌支队平湖大队,"111.29382,30.72293",2020/4/28,111.29382,30.72293
6.00032E+11,4.20502E+19,平湖-馨岛之星酒店西向东卡口,4.20502E+11,宜昌支队平湖大队,"111.29377,30.72011",2020/4/22,111.29377,30.72011
6.00452E+11,4.20502E+19,平湖-镇镜山派出所东向西卡口,4.20502E+11,宜昌支队平湖大队,"111.29348,30.72769",2015/1/4,111.29348,30.72769
6.00452E+11,4.20502E+19,平湖-镇镜山派出所西向东卡口,4.20502E+11,宜昌支队平湖大队,"111.29348,30.72769",2015/1/4,111.29348,30.72769
6.00022E+11,4.20502E+19,平湖-夷陵大道东湖二路口西向东卡口,4.20502E+11,宜昌支队平湖大队,"111.29239,30.71829",2018/12/1,111.29239,30.71829
6.00022E+11,4.20502E+19,平湖-夷陵大道团结路口东向西卡口,4.20502E+11,宜昌支队平湖大队,"111.29186,30.71617",2018/12/1,111.29186,30.71617
6.00632E+11,4.20502E+19,平湖-东湖一路樵湖二路口西向东卡口,4.20502E+11,宜昌支队平湖大队,"111.28731,30.71509",2018/12/1,111.28731,30.71509
6.00632E+11,4.20502E+19,平湖-东湖一路樵湖二路口南向北卡口,4.20502E+11,宜昌支队平湖大队,"111.28697,30.71502",2018/12/1,111.28697,30.71502
6.00632E+11,4.20502E+19,平湖-东湖一路樵湖二路口北向南卡口,4.20502E+11,宜昌支队平湖大队,"111.28745,30.71483",2018/12/1,111.28745,30.71483
6.00022E+11,4.20502E+19,平湖-夷陵大道东湖一路口东向西卡口,4.20502E+11,宜昌支队平湖大队,"111.29146,30.71323",2018/12/1,111.29146,30.71323
6.00022E+11,4.20502E+19,平湖-夷陵大道东湖一路口西向东卡口,4.20502E+11,宜昌支队平湖大队,"111.29146,30.71323",2018/12/1,111.29146,30.71323
6.00012E+11,4.20503E+19,伍家-沿江大道胜利一路口东向西,4.20503E+11,宜昌支队伍家大队,"111.3039,30.6819",2018/12/1,111.3039,30.6819
6.00012E+11,4.20503E+19,伍家-沿江大道胜利一路口西向东,4.20503E+11,宜昌支队伍家大队,"111.3039,30.6819",2018/12/1,111.3039,30.6819
6.00012E+11,4.20503E+19,伍家-沿江大道胜利三路口东向西,4.20503E+11,宜昌支队伍家大队,"111.2982,30.6851",2018/12/1,111.2982,30.6851
6.00012E+11,4.20503E+19,伍家-沿江大道胜利四路口东向西,4.20503E+11,宜昌支队伍家大队,"111.29426,30.68737",2018/12/1,111.29426,30.68737
6.00012E+11,4.20503E+19,伍家-沿江大道胜利四路口西向东,4.20503E+11,宜昌支队伍家大队,"111.29383,30.68757",2018/12/1,111.29383,30.68757
6.00022E+11,4.20503E+19,伍家-夷陵大道胜利一路口西向东,4.20503E+11,宜昌支队伍家大队,"111.30498,30.68382",2018/12/1,111.30498,30.68382
6.00022E+11,4.20503E+19,伍家-夷陵大道胜利三路口东向西,4.20503E+11,宜昌支队伍家大队,"111.30026,30.68767",2018/12/1,111.30026,30.68767
6.00022E+11,4.20503E+19,伍家-夷陵大道胜利四路口东向西,4.20503E+11,宜昌支队伍家大队,"111.2979,30.69193",2018/12/1,111.2979,30.69193
6.00022E+11,4.20503E+19,伍家-夷陵大道胜利四路口西向东,4.20503E+11,宜昌支队伍家大队,"111.2979,30.69193",2018/12/1,111.2979,30.69193
6.00032E+11,4.20502E+19,西陵-东山大道果园二路站东向西卡口,4.20502E+11,宜昌支队西陵大队,"111.29877,30.69596",2019/1/1,111.29877,30.69596
6.00312E+11,4.205E+19,高新-城东大道大连路口东向西卡口,4.205E+11,宜昌支队高新区大队,"111.31766,30.69912",2018/12/1,111.31766,30.69912
6.00312E+11,4.205E+19,高新-城东大道大连路口西向东卡口,4.205E+11,宜昌支队高新区大队,"111.31766,30.69912",2018/12/1,111.31766,30.69912
6.00112E+11,4.205E+19,高新-城东大道港窑路口东向西卡口,4.205E+11,宜昌支队高新区大队,"111.31876,30.68803",2018/12/1,111.31876,30.68803
6.00232E+11,4.205E+19,高新-发展大道城东大道口东向西卡口,4.205E+11,宜昌支队高新区大队,"111.31628,30.70558",2018/12/1,111.31628,30.70558
6.00232E+11,4.205E+19,高新-发展大道城东大道口西向东卡口,4.205E+11,宜昌支队高新区大队,"111.31628,30.70558",2018/12/1,111.31628,30.70558
6.90189E+11,4.205E+19,高新-城东大道胜利三路口西向东卡口,4.205E+11,宜昌支队高新区大队,"111.316,30.6911",2018/12/1,111.316,30.6911
6.00232E+11,4.205E+19,高新-发展大道汕头路口西向东卡口,4.205E+11,宜昌支队高新区大队,"111.32635,30.71478",2018/12/1,111.32635,30.71478
7.00894E+11,4.205E+19,西陵-大学路西陵二路方向西向东卡口,4.20502E+11,宜昌支队西陵大队,"111.3111,30.71308",2019/11/25,111.3111,30.71308
600312003000,4.205E+19,高新-城东大道大连路口南向北卡口,4.205E+11,宜昌支队高新区大队,"111.31787,30.69923",2018/12/1,111.31787,30.69923
6.00312E+11,4.205E+19,高新-城东大道大连路口北向南卡口,4.205E+11,宜昌支队高新区大队,"111.31787,30.69923",2018/12/1,111.31787,30.69923
6.00112E+11,4.205E+19,高新-城东大道港窑路口北向南卡口,4.205E+11,宜昌支队高新区大队,"111.31906,30.68845",2018/12/1,111.31906,30.68845
6.00232E+11,4.205E+19,高新-发展大道城东大道口南向北卡口,4.205E+11,宜昌支队高新区大队,"111.31578,30.70541",2018/12/1,111.31578,30.70541
6.00232E+11,4.205E+19,高新-发展大道城东大道口北向南卡口,4.205E+11,宜昌支队高新区大队,"111.31578,30.70541",2018/12/1,111.31578,30.70541
6.00232E+11,4.205E+19,高新-发展大道汕头路口南向北卡口,4.205E+11,宜昌支队高新区大队,"111.32626,30.71444",2018/12/1,111.32626,30.71444
6.00232E+11,4.205E+19,高新-发展大道汕头路口北向南卡口,4.205E+11,宜昌支队高新区大队,"111.32664,30.71486",2018/12/1,111.32664,30.71486
6.00112E+11,4.205E+19,高新-港窑路青岛路口西向东卡口,4.205E+11,宜昌支队高新区大队,"111.32365,30.69684",2018/12/1,111.32365,30.69684
6.00112E+11,4.205E+19,高新-港窑路青岛路口南向北卡口,4.205E+11,宜昌支队高新区大队,"111.32378,30.69638",2018/12/1,111.32378,30.69638
7.80232E+11,4.205E+19,白洋-三新硅业卡口(测速)东向西,4.205E+11,宜昌支队高新区大队,"111.46263,30.43234",2020/4/28,111.46263,30.43234
5.00061E+11,4.205E+19,高新-峡州大道合益路与中南路间卡口东向西,4.205E+11,宜昌支队高新区大队,"111.37798,30.69314",2019/1/1,111.37798,30.69314
5.00061E+11,4.205E+19,高新-峡州大道合益路与中南路间卡口西向东,4.205E+11,宜昌支队高新区大队,"111.37798,30.69314",2019/1/1,111.37798,30.69314
5.00021E+11,4.205E+19,高速-G59呼北高速1423KM+300M宜保向,4.205E+11,宜昌支队高速公路管理一大队,"111.65839,30.8483",2017/11/24,111.65839,30.8483
5.00021E+11,4.205E+19,高速-G59呼北高速1423KM+300M保宜向,4.205E+11,宜昌支队高速公路管理一大队,"111.65804,30.84797",2017/11/24,111.65804,30.84797
5.00021E+11,4.205E+19,高速-G59呼北高速1433KM+200M宜保向,4.205E+11,宜昌支队高速公路管理一大队,"111.65474,30.7675",2017/11/24,111.65474,30.7675
5.00071E+11,4.205E+19,高速-S88岳宜高速155KM+700M岳宜向,4.205E+11,宜昌支队高速公路管理二大队,"111.38427,30.55189",2019/4/1,111.38427,30.55189
5.00071E+11,4.205E+19,高速-S88岳宜高速155KM+700M宜岳向,4.205E+11,宜昌支队高速公路管理二大队,"111.38414,30.5531",2019/4/1,111.38414,30.5531
5.00071E+11,4.205E+19,高速-S88岳宜高速126KM+700M宜岳向,4.205E+11,宜昌支队高速公路管理二大队,"111.48025,30.24891",2019/4/1,111.48025,30.24891
5.00081E+11,4.205E+19,高速-G59呼北高速1495KM+900M宜五向,4.205E+11,宜昌支队高速公路管理二大队,"111.40065,30.27088",2019/4/1,111.40065,30.27088
7.00662E+11,4.20502E+19,西陵-西陵一路环城东路口东向西卡口,4.20502E+11,宜昌支队西陵大队,"111.28263,30.7028",2018/12/1,111.28263,30.7028
6.00012E+11,4.20502E+19,西陵-沿江大道云集路口北向南卡口,4.20502E+11,宜昌支队西陵大队,"111.28401,30.69356",2018/12/1,111.28401,30.69356
5.00081E+11,4.205E+19,高速-G59呼北高速1495KM+900M五宜向,4.205E+11,宜昌支队高速公路管理二大队,"111.40053,30.27052",2019/4/1,111.40053,30.27052
6.00072E+11,4.20502E+19,西陵-体育场路胜利三路口西向东,4.20502E+11,宜昌支队西陵大队,"111.31091,30.68895",2018/12/1,111.31091,30.68895
7.00512E+11,4.20502E+19,西陵-二马路红星路口东向西,4.20502E+11,宜昌支队西陵大队,"111.28598,30.69352",2019/1/3,111.28598,30.69352
6.00012E+11,4.20502E+19,西陵-沿江大道云集路口东向西,4.20502E+11,宜昌支队西陵大队,"111.2837,30.6934",2018/12/1,111.2837,30.6934
6.00012E+11,4.20502E+19,西陵-沿江大道云集路口西向东,4.20502E+11,宜昌支队西陵大队,"111.2837,30.6934",2018/12/1,111.2837,30.6934
6.00012E+11,4.20502E+19,西陵-沿江大道西陵一路口西向东,4.20502E+11,宜昌支队西陵大队,"111.2767,30.7018",2018/12/1,111.2767,30.7018
6.00212E+11,4.20502E+19,西陵-西陵一路珍珠路口东向西,4.20502E+11,宜昌支队西陵大队,"111.28714,30.70324",2018/12/1,111.28714,30.70324
6.00022E+11,4.20502E+19,西陵-夷陵大道西陵一路口东向西,4.20502E+11,宜昌支队西陵大队,"111.29206,30.70359",2018/12/1,111.29206,30.70359
6.00022E+11,4.20502E+19,西陵-夷陵大道西陵一路口西向东,4.20502E+11,宜昌支队西陵大队,"111.29206,30.70359",2018/12/1,111.29206,30.70359
6.00202E+11,4.20502E+19,西陵-云集路解放路口西向东,4.20502E+11,宜昌支队西陵大队,"111.28655,30.69617",2018/12/1,111.28655,30.69617
7.00662E+11,4.20502E+19,西陵-西陵一路环城东路口东向西,4.20502E+11,宜昌支队西陵大队,"111.28263,30.7028",2018/12/1,111.28263,30.7028
7.00662E+11,4.20502E+19,西陵-西陵一路环城东路口西向东,4.20502E+11,宜昌支队西陵大队,"111.28263,30.7028",2018/12/1,111.28263,30.7028
6.00022E+11,4.20502E+19,西陵-果园三路段南向北,4.20502E+11,宜昌支队西陵大队,"111.29842,30.69449",2014/3/21,111.29842,30.69449
6.00202E+11,4.20502E+19,西陵-云集路培心路口北向南,4.20502E+11,宜昌支队西陵大队,"111.2893,30.69732",2019/1/1,111.2893,30.69732
6.00012E+11,4.20502E+19,西陵-沿江大道环城南路口西向东,4.20502E+11,宜昌支队西陵大队,"111.2816,30.6952",2018/12/1,111.2816,30.6952
6.00032E+11,4.20502E+19,西陵-东山大道西陵一路口东向西,4.20502E+11,宜昌支队西陵大队,"111.29631,30.70477",2018/4/29,111.29631,30.70477
6.00032E+11,4.20502E+19,西陵-东山大道西陵一路口西向东,4.20502E+11,宜昌支队西陵大队,"111.2963,30.7041",2018/4/29,111.2963,30.7041
6.00032E+11,4.20502E+19,西陵-东山大道云集路口西向东,4.20502E+11,宜昌支队西陵大队,"111.29721,30.70112",2014/3/26,111.29721,30.70112
6.00072E+11,4.20502E+19,西陵-体育场路体育馆前门前东向西,4.20502E+11,宜昌支队西陵大队,"111.3063,30.69809",2016/11/25,111.3063,30.69809
6.00072E+11,4.20502E+19,西陵-体育场路胜利四路口南向北,4.20502E+11,宜昌支队西陵大队,"111.306,30.6983",2018/12/1,111.306,30.6983
6.00012E+11,4.20502E+19,西陵-沿江大道云集路口北向南,4.20502E+11,宜昌支队西陵大队,"111.28401,30.69356",2018/12/1,111.28401,30.69356
6.00012E+11,4.20502E+19,西陵-沿江大道西陵一路口北向南,4.20502E+11,宜昌支队西陵大队,"111.27695,30.70212",2018/12/1,111.27695,30.70212
6.00212E+11,4.20502E+19,西陵-西陵一路珍珠路口北向南,4.20502E+11,宜昌支队西陵大队,"111.28694,30.70298",2018/12/1,111.28694,30.70298
6.00022E+11,4.20502E+19,西陵-夷陵大道西陵一路口南向北,4.20502E+11,宜昌支队西陵大队,"111.29185,30.70351",2018/12/1,111.29185,30.70351
6.00022E+11,4.20502E+19,西陵-夷陵大道西陵一路口东向西卡口,4.20502E+11,宜昌支队西陵大队,"111.29206,30.70359",2018/12/1,111.29206,30.70359
6.00022E+11,4.20502E+19,西陵-夷陵大道西陵一路口西向东卡口,4.20502E+11,宜昌支队西陵大队,"111.29206,30.70359",2018/12/1,111.29206,30.70359
6.00202E+11,4.20502E+19,西陵-云集路解放路口西向东卡口,4.20502E+11,宜昌支队西陵大队,"111.28655,30.69617",2018/12/1,111.28655,30.69617
7.00241E+11,4.205E+19,高新-桔乡路东站路口北向南,4.205E+11,宜昌支队高新区大队,"111.38468,30.67101",2016/11/4,111.38468,30.67101
7.00241E+11,4.205E+19,高新-桔乡路花溪路口北向南,4.205E+11,宜昌支队高新区大队,"111.40077,30.66463",2016/11/4,111.40077,30.66463
7.00241E+11,4.205E+19,高新-桔乡路百灵路口南向北,4.205E+11,宜昌支队高新区大队,"111.41096,30.6625",2016/11/4,111.41096,30.6625
7.00241E+11,4.205E+19,高新-桔乡路百灵路口北向南(道路施工),4.205E+11,宜昌支队高新区大队,"111.41096,30.6625",2016/11/4,111.41096,30.6625
6.00863E+11,4.205E+19,高新-发展大道石溪路口西向东,4.205E+11,宜昌支队高新区大队,"111.34491,30.73489",2019/11/27,111.34491,30.73489
6.00863E+11,4.205E+19,高新-发展大道石溪路口南向北,4.205E+11,宜昌支队高新区大队,"111.34504,30.73463",2019/11/26,111.34504,30.73463
7.00392E+11,4.205E+19,高新-汉宜路百灵路口东向西,4.205E+11,宜昌支队高新区大队,"111.41226,30.65127",2016/10/26,111.41226,30.65127
7.00392E+11,4.205E+19,高新-汉宜路百灵路口西向东,4.205E+11,宜昌支队高新区大队,"111.4115,30.65058",2016/10/26,111.4115,30.65058
7.00392E+11,4.205E+19,高新-汉宜路百灵路口北向南,4.205E+11,宜昌支队高新区大队,"111.41165,30.65131",2016/10/26,111.41165,30.65131
6.00112E+11,4.205E+19,高新-港窑路青岛路口东向西(道路施工),4.205E+11,宜昌支队高新区大队,"111.32365,30.69684",2018/12/1,111.32365,30.69684
6.00112E+11,4.205E+19,高新-港窑路青岛路口南向北,4.205E+11,宜昌支队高新区大队,"111.32378,30.69638",2018/12/1,111.32378,30.69638
6.00112E+11,4.205E+19,高新-港窑路青岛路口北向南,4.205E+11,宜昌支队高新区大队,"111.32378,30.69638",2018/12/1,111.32378,30.69638
5.00061E+11,4.205E+19,高新-峡州大道发展大道口东向西,4.205E+11,宜昌支队高新区大队,"111.34045,30.72727",2019/1/1,111.34045,30.72727
5.00061E+11,4.205E+19,高新-峡州大道发展大道口西向东,4.205E+11,宜昌支队高新区大队,"111.34,30.72775",2019/1/1,111.34,30.72775
5.00061E+11,4.205E+19,高新-峡州大道发展大道口南向北,4.205E+11,宜昌支队高新区大队,"111.33991,30.72712",2019/1/1,111.33991,30.72712
5.00061E+11,4.205E+19,高新-峡州大道大连路口东向西,4.205E+11,宜昌支队高新区大队,"111.34666,30.72213",2019/1/1,111.34666,30.72213
5.00061E+11,4.205E+19,高新-峡州大道大连路口西向东,4.205E+11,宜昌支队高新区大队,"111.34666,30.72213",2019/1/1,111.34666,30.72213
5.00061E+11,4.205E+19,高新-峡州大道中南路口东向西,4.205E+11,宜昌支队高新区大队,"111.36598,30.70055",2019/1/1,111.36598,30.70055
5.00061E+11,4.205E+19,高新-峡州大道中南路口西向东,4.205E+11,宜昌支队高新区大队,"111.36598,30.70055",2019/1/1,111.36598,30.70055
5.00061E+11,4.205E+19,高新-峡州大道中南路口南向北,4.205E+11,宜昌支队高新区大队,"111.36593,30.70034",2019/1/1,111.36593,30.70034
5.00061E+11,4.205E+19,高新-峡州大道合益路口西向东,4.205E+11,宜昌支队高新区大队,"111.38263,30.69021",2019/1/1,111.38263,30.69021
5.00061E+11,4.205E+19,高新-峡州大道合益路口北向南,4.205E+11,宜昌支队高新区大队,"111.38332,30.69053",2019/1/1,111.38332,30.69053
5.00061E+11,4.205E+19,高新-峡州大道东站路口西向东,4.205E+11,宜昌支队高新区大队,"111.39647,30.6804",2019/1/1,111.39647,30.6804
5.00061E+11,4.205E+19,高新-峡州大道东站路口南向北,4.205E+11,宜昌支队高新区大队,"111.39658,30.67985",2019/1/1,111.39658,30.67985
6.90336E+11,4.20505E+19,V亭-民主路先锋一路口北向南,4.20505E+11,宜昌支队V亭大队,"111.44257,30.55145",2019/11/25,111.44257,30.55145
6.90366E+11,4.20505E+19,V亭-民主路张家湾路口东向西,4.20505E+11,宜昌支队V亭大队,"111.45732,30.56082",2019/11/25,111.45732,30.56082
6.90366E+11,4.20505E+19,V亭-民主路张家湾路口南向北,4.20505E+11,宜昌支队V亭大队,"111.457,30.56082",2019/11/25,111.457,30.56082
6.90366E+11,4.20505E+19,V亭-民主路张家湾路口北向南,4.20505E+11,宜昌支队V亭大队,"111.45738,30.56104",2019/11/25,111.45738,30.56104
6.90366E+11,4.20505E+19,V亭-先锋路张家湾路口西向东,4.20505E+11,宜昌支队V亭大队,"111.45243,30.56694",2018/4/28,111.45243,30.56694
6.00022E+11,4.20503E+19,伍家-夷陵大道中南路口北向南卡口,4.20503E+11,宜昌支队伍家大队,"111.32583,30.66772",2018/12/1,111.32583,30.66772
6.00012E+11,4.20503E+19,伍家-沿江大道杨岔路口北向南卡口,4.20503E+11,宜昌支队伍家大队,"111.32001,30.67031",2018/12/1,111.32001,30.67031
6.00022E+11,4.20503E+19,伍家-夷陵大道港窑路口南向北卡口,4.20503E+11,宜昌支队伍家大队,"111.31392,30.6775",2018/12/1,111.31392,30.6775
6.00022E+11,4.20503E+19,伍家-夷陵大道港窑路口北向南卡口,4.20503E+11,宜昌支队伍家大队,"111.31392,30.6775",2018/12/1,111.31392,30.6775
6.00012E+11,4.20503E+19,伍家-沿江大道中南路口北向南卡口,4.20503E+11,宜昌支队伍家大队,"111.32403,30.66605",2018/12/1,111.32403,30.66605
6.00032E+11,4.20503E+19,伍家-东山大道东艳路口东向西,4.20503E+11,宜昌支队伍家大队,"111.34897,30.64745",2015/7/27,111.34897,30.64745
6.00032E+11,4.20503E+19,伍家-东山大道东艳路口西向东,4.20503E+11,宜昌支队伍家大队,"111.34897,30.64745",2015/7/27,111.34897,30.64745
6.00022E+11,4.20503E+19,伍家-夷陵大道白沙路口西向东,4.20503E+11,宜昌支队伍家大队,"111.35616,30.64405",2018/12/1,111.35616,30.64405
7.19151E+11,4.20503E+19,伍家-沿河路伍临路口北向南,4.20503E+11,宜昌支队伍家大队,"111.37029,30.62711",2018/12/1,111.37029,30.62711
6.00022E+11,4.20503E+19,伍家-夷陵大道王家河路口东向西,4.20503E+11,宜昌支队伍家大队,"111.34162,30.65307",2018/12/1,111.34162,30.65307
6.00032E+11,4.20503E+19,伍家-东山大道桔城路口东向西,4.20503E+11,宜昌支队伍家大队,"111.35915,30.64507",2015/7/27,111.35915,30.64507
6.00032E+11,4.20503E+19,伍家-东山大道桔城路口西向东,4.20503E+11,宜昌支队伍家大队,"111.35915,30.64507",2015/7/27,111.35915,30.64507
6.00032E+11,4.20503E+19,伍家-东山大道白沙路口西向东,4.20503E+11,宜昌支队伍家大队,"111.3568,30.6454",2015/7/27,111.3568,30.6454
6.00032E+11,4.20503E+19,伍家-东山大道王家河路口东向西,4.20503E+11,宜昌支队伍家大队,"111.34212,30.65373",2015/7/31,111.34212,30.65373
6.00032E+11,4.20503E+19,伍家-东山大道王家河路口西向东,4.20503E+11,宜昌支队伍家大队,"111.34212,30.65373",2015/7/31,111.34212,30.65373
6.00032E+11,4.20503E+19,伍家-东山大道伍家岗站西向东,4.20503E+11,宜昌支队伍家大队,"111.35518,30.64588",2015/8/17,111.35518,30.64588
6.00082E+11,4.20503E+19,伍家-桔城路五一广场站南向北,4.20503E+11,宜昌支队伍家大队,"111.3609,30.6482",2015/8/17,111.3609,30.6482
6.00082E+11,4.20503E+19,伍家-桔城路桔城路站南向北,4.20503E+11,宜昌支队伍家大队,"111.36415,30.653",2015/8/17,111.36415,30.653
6.00082E+11,4.20503E+19,伍家-桔城路桔城路站北向南,4.20503E+11,宜昌支队伍家大队,"111.36415,30.653",2015/8/17,111.36415,30.653
6.00032E+11,4.20503E+19,伍家-东山大道东艳路口北向南,4.20503E+11,宜昌支队伍家大队,"111.34871,30.64763",2015/7/27,111.34871,30.64763
6.00022E+11,4.20503E+19,伍家-夷陵大道白沙路口北向南,4.20503E+11,宜昌支队伍家大队,"111.35642,30.64427",2018/12/1,111.35642,30.64427
6.00022E+11,4.20503E+19,伍家-夷陵大道王家河路口南向北,4.20503E+11,宜昌支队伍家大队,"111.3414,30.65315",2018/12/1,111.3414,30.65315
6.00032E+11,4.20503E+19,伍家-东山大道桔城路口北向南,4.20503E+11,宜昌支队伍家大队,"111.3592,30.6449",2015/7/27,111.3592,30.6449
6.00032E+11,4.20503E+19,伍家-东山大道白沙路口南向北,4.20503E+11,宜昌支队伍家大队,"111.3568,30.6454",2015/7/27,111.3568,30.6454
6.00132E+11,4.20503E+19,伍家-伍临路沈家店路口西向东,4.20503E+11,宜昌支队伍家大队,"111.3621,30.6379",2018/10/15,111.3621,30.6379
6.00132E+11,4.20503E+19,伍家-伍临路沈家店路口北向南,4.20503E+11,宜昌支队伍家大队,"111.3621,30.638",2018/10/15,111.3621,30.638
6.00012E+11,4.20503E+19,伍家-沿江大道王家河路口东向西,4.20503E+11,宜昌支队伍家大队,"111.33954,30.65161",2018/12/1,111.33954,30.65161
6.00012E+11,4.20503E+19,伍家-沿江大道王家河路口北向南,4.20503E+11,宜昌支队伍家大队,"111.33952,30.65181",2018/12/1,111.33952,30.65181
6.00032E+11,4.20503E+19,伍家-东山大道王家河站东向西卡口,4.20503E+11,宜昌支队伍家大队,"111.31993,30.67539",2019/1/1,111.31993,30.67539
7.00042E+11,4.20503E+19,伍家-八一路沈家店路口东向西,4.20503E+11,宜昌支队伍家大队,"111.366161,30.639981",2018/12/1,111.366161,30.639981
7.00042E+11,4.20503E+19,伍家-八一路沈家店路口西向东,4.20503E+11,宜昌支队伍家大队,"111.366161,30.639981",2018/12/1,111.366161,30.639981
7.00042E+11,4.20503E+19,伍家-八一路沈家店路口南向北,4.20503E+11,宜昌支队伍家大队,"111.36606,30.639841",2018/12/1,111.36606,30.639841
7.05112E+11,4.20505E+19,V亭-长寿路迎宾大道路口西向东卡口,4.20505E+11,宜昌支队V亭大队,"30.324737,111.281144",2019/12/4,30.324737,111.281144
6.00032E+11,4.20503E+19,伍家-东山大道北山坡站西向东卡口,4.20503E+11,宜昌支队伍家大队,"111.30224,30.69164",2019/1/1,111.30224,30.69164
6.00402E+11,4.20502E+19,平湖-夜明珠路黄河路口东向西,4.20502E+11,宜昌支队平湖大队,"111.30547,30.73028",2018/1/1,111.30547,30.73028
6.00612E+11,4.20502E+19,西坝-和平路至喜大桥下环线路口,4.20502E+11,宜昌支队葛洲坝大队,"111.27473,30.7136",2019/12/19,111.27473,30.7136
7.05112E+11,4.20505E+19,V亭-长寿路七里冲路口南向北卡口,4.20505E+11,宜昌支队V亭大队,"30.334316,111.272869",2019/12/4,30.334316,111.272869
7.05112E+11,4.20505E+19,V亭-长寿路七里冲路口东向西卡口,4.20505E+11,宜昌支队V亭大队,"30.334299,111.273089",2019/12/4,30.334299,111.273089
7.05112E+11,4.20505E+19,V亭-长寿路七里冲路口北向南卡口,4.20505E+11,宜昌支队V亭大队,"30.334547,111.273088",2019/12/4,30.334547,111.273088
6.05042E+11,4.20505E+19,V亭-V亭大道金V路口北向南卡口,4.20505E+11,宜昌支队V亭大队,"111.43847,30.53811",2019/12/5,111.43847,30.53811
6.05042E+11,4.20505E+19,V亭-V亭大道金V路口西向东,4.20505E+11,宜昌支队V亭大队,"111.43754,30.53794",2019/12/5,111.43754,30.53794
7.00062E+11,4.20503E+19,伍家-东站路董家冲路口北向南,4.20503E+11,宜昌支队伍家大队,"111.37993,30.66006",2019/12/12,111.37993,30.66006
3.00041E+11,4.205E+19,高速-G59呼北高速1386KM+150M南向北,4.205E+11,宜昌支队高速公路管理一大队,"111.55925,31.16805",2019/12/5,111.55925,31.16805
6.00032E+11,4.20503E+19,伍家-东山大道胜利三路口西向东,4.20503E+11,宜昌支队伍家大队,"111.3048,30.68882",2019/10/12,111.3048,30.68882
6.05112E+11,4.20505E+19,V亭-先锋路卡口(测速)北向南,4.20505E+11,宜昌支队V亭大队,",",2018/1/31,,
6.05052E+11,4.20505E+19,V亭-机场路卡口(测速)往高速方向,4.20505E+11,宜昌支队V亭大队,"111.46745,30.56779",2020/4/28,111.46745,30.56779
6.05052E+11,4.20505E+19,V亭-机场路卡口(测速)往机场方向,4.20505E+11,宜昌支队V亭大队,"111.46726,30.56816",2020/4/28,111.46726,30.56816
6.00322E+11,4.205E+19,高新-青岛路大连路口南向北,4.205E+11,宜昌支队高新区大队,"111.32194,30.70055",2017/1/12,111.32194,30.70055
7.05112E+11,4.20505E+19,V亭-长寿路七里冲路口北向南,4.20505E+11,宜昌支队V亭大队,"30.334547,111.273088",2019/12/4,30.334547,111.273088
7.05112E+11,4.20505E+19,V亭-长寿路迎宾大道路口南向北,4.20505E+11,宜昌支队V亭大队,"30.324478,111.281133",2019/11/28,30.324478,111.281133
7.00062E+11,4.20503E+19,伍家-东站路董家冲路口南向北,4.20503E+11,宜昌支队伍家大队,"111.37985,30.65954",2019/12/12,111.37985,30.65954
3.00021E+11,4.205E+19,高速-S88岳宜高速136KM宜都收费站入口,4.205E+11,宜昌支队高速公路管理二大队,"111.4023,30.37761",2019/12/5,111.4023,30.37761
6.00612E+11,4.20502E+19,西坝-西坝路至喜大桥下环线东向西,4.20502E+11,宜昌支队葛洲坝大队,"111.27757,30.71207",2019/12/23,111.27757,30.71207
3.00042E+11,4.205E+19,高速-G59呼北高速渔洋关收费站入口,4.205E+11,宜昌支队高速公路管理二大队,"111.11793,30.184642",2019/12/5,111.11793,30.184642
6.00032E+11,4.20503E+19,伍家-东山大道十五中站西向东卡口,4.20503E+11,宜昌支队伍家大队,"111.31993,30.67539",2019/1/1,111.31993,30.67539
6.00022E+11,4.20503E+19,伍家-夷陵大道白沙路口东向西卡口,4.20503E+11,宜昌支队伍家大队,"111.35616,30.64405",2018/12/1,111.35616,30.64405
6.00022E+11,4.20503E+19,伍家-夷陵大道王家河路口东向西卡口,4.20503E+11,宜昌支队伍家大队,"111.34168,30.65299",2018/12/1,111.34168,30.65299
6.00022E+11,4.20503E+19,伍家-夷陵大道王家河路口西向东卡口,4.20503E+11,宜昌支队伍家大队,"111.34135,30.65348",2018/12/1,111.34135,30.65348
6.00022E+11,4.20503E+19,伍家-夷陵大道王家河路口南向北卡口,4.20503E+11,宜昌支队伍家大队,"111.34131,30.65312",2018/12/1,111.34131,30.65312
6.00022E+11,4.20503E+19,伍家-夷陵大道王家河路口北向南卡口,4.20503E+11,宜昌支队伍家大队,"111.34169,30.65341",2018/12/1,111.34169,30.65341
6.00012E+11,4.20503E+19,伍家-沿江大道王家河路段西向东卡口,4.20503E+11,宜昌支队伍家大队,"111.3392,30.65187",2018/12/1,111.3392,30.65187
6.00012E+11,4.20503E+19,伍家-沿江大道王家河路段北向南卡口,4.20503E+11,宜昌支队伍家大队,"111.33964,30.65192",2018/12/1,111.33964,30.65192
7.00042E+11,4.20503E+19,伍家-八一路沈家店路口西向东卡口,4.20503E+11,宜昌支队伍家大队,"111.366161,30.639981",2018/12/1,111.366161,30.639981
6.00152E+11,4.20503E+19,伍家-东艳路宜化新天地卡口北向南,4.20503E+11,宜昌支队伍家大队,"111.35019,30.65772",2014/3/21,111.35019,30.65772
6.00012E+11,4.20503E+19,伍家-沿江大道王家河卡口(测速)东向西,4.20503E+11,宜昌支队伍家大队,"111.33812,30.65305",2014/3/13,111.33812,30.65305
6.00032E+11,4.20503E+19,伍家-东山大道东艳路口西向东卡口,4.20503E+11,宜昌支队伍家大队,"111.34897,30.64745",2015/7/27,111.34897,30.64745
6.05092E+11,4.20505E+19,V亭-正大路金岭路北向南卡口,4.20505E+11,宜昌支队V亭大队,"111.43192,30.52919",2019/11/25,111.43192,30.52919
6.00341E+11,4.20503E+19,西陵-东山四路锦江大道口南向北卡口,4.20502E+11,宜昌支队西陵大队,"111.33242,30.73892",2020/5/19,111.33242,30.73892
7.01701E+11,4.205E+19,高新-百灵路汉宜二路口东向西,4.205E+11,宜昌支队高新区大队,"111.41095,30.65758",2019/11/26,111.41095,30.65758
7.01701E+11,4.205E+19,高新-百灵路汉宜二路口南向北,4.205E+11,宜昌支队高新区大队,"111.41094,30.65746",2019/11/26,111.41094,30.65746
7.01701E+11,4.205E+19,高新-百灵路汉宜二路口北向南(未接入),4.205E+11,宜昌支队高新区大队,"111.41094,30.65746",2019/11/26,111.41094,30.65746
7.01701E+11,4.205E+19,高新-百灵路花艳一路口西向东,4.205E+11,宜昌支队高新区大队,"111.41075,30.65519",2019/11/26,111.41075,30.65519
7.01701E+11,4.205E+19,高新-百灵路花艳一路口南向北,4.205E+11,宜昌支队高新区大队,"111.41086,30.65527",2019/11/26,111.41086,30.65527
7.01701E+11,4.205E+19,高新-百灵路花艳一路口南向北卡口,4.205E+11,宜昌支队高新区大队,"111.41086,30.65527",2019/11/26,111.41086,30.65527
6.90451E+11,4.205E+19,高新-花溪路花艳一路口东向西,4.205E+11,宜昌支队高新区大队,"111.39846,30.65781",2019/11/26,111.39846,30.65781
6.90451E+11,4.205E+19,高新-花溪路花艳一路口南向北,4.205E+11,宜昌支队高新区大队,"111.39827,30.65775",2019/11/26,111.39827,30.65775
6.90451E+11,4.205E+19,高新-花溪路花艳一路口北向南,4.205E+11,宜昌支队高新区大队,"111.39831,30.65791",2019/11/26,111.39831,30.65791
6.00322E+11,4.205E+19,高新-青岛路港城路口东向西,4.205E+11,宜昌支队高新区大队,"111.32517,30.68894",2019/11/26,111.32517,30.68894
6.00322E+11,4.205E+19,高新-青岛路港城路口西向东,4.205E+11,宜昌支队高新区大队,"111.32485,30.68896",2019/11/26,111.32485,30.68896
6.00322E+11,4.205E+19,高新-青岛路港城路口北向南(未接入),4.205E+11,宜昌支队高新区大队,"111.32501,30.68907",2019/11/26,111.32501,30.68907
6.00352E+11,4.20502E+19,坝区-朱家湾检查站入口北向南,4.20502E+11,宜昌支队三峡坝区大队,"111.06983,30.84405",2018/11/1,111.06983,30.84405
6.00352E+11,4.20502E+19,坝区-朱家湾检查站出口南向北,4.20502E+11,宜昌支队三峡坝区大队,"111.06983,30.84405",2018/11/1,111.06983,30.84405
6.00352E+11,4.20502E+19,坝区-陈家冲检查站出口南向北,4.20502E+11,宜昌支队三峡坝区大队,"111.0406,30.84018",2014/5/16,111.0406,30.84018
6.00352E+11,4.20502E+19,坝区-陈家冲检查站入口北向南,4.20502E+11,宜昌支队三峡坝区大队,"111.0406,30.84018",2014/5/16,111.0406,30.84018
6.00362E+11,4.20502E+19,坝区-岱狮检查站入口东向西,4.20502E+11,宜昌支队三峡坝区大队,"111.06635,30.82842",2018/11/24,111.06635,30.82842
6.00362E+11,4.20502E+19,坝区-岱狮检查站出口西向东,4.20502E+11,宜昌支队三峡坝区大队,"111.06635,30.82842",2018/11/24,111.06635,30.82842
6.00372E+11,4.20502E+19,坝区-大象溪检查站入口东向西,4.20502E+11,宜昌支队三峡坝区大队,"111.06288,30.84462",2018/11/24,111.06288,30.84462
6.00372E+11,4.20502E+19,坝区-大象溪检查站出口西向东,4.20502E+11,宜昌支队三峡坝区大队,"111.06288,30.84462",2018/11/24,111.06288,30.84462
7.02051E+11,4.20502E+19,坝区-八河口检查站入口北向南,4.20502E+11,宜昌支队三峡坝区大队,"111.06966,30.844",2018/11/1,111.06966,30.844
7.02051E+11,4.20502E+19,坝区-八河口检查站出口南向北,4.20502E+11,宜昌支队三峡坝区大队,"111.06966,30.844",2018/11/24,111.06966,30.844
9.00021E+11,4.20502E+19,坝区-副坝检查站入口南向北,4.20502E+11,宜昌支队三峡坝区大队,"111.04521,30.83411",2018/11/24,111.04521,30.83411
9.00021E+11,4.20502E+19,坝区-副坝检查站出口北向南,4.20502E+11,宜昌支队三峡坝区大队,"111.04521,30.83411",2018/11/24,111.04521,30.83411
7.02041E+11,4.20502E+19,坝区-高家溪检查站入口南向北(装修施工),4.20502E+11,宜昌支队三峡坝区大队,"111.02376,30.80596",2018/11/24,111.02376,30.80596
7.02041E+11,4.20502E+19,坝区-高家溪检查站出口北向南(装修施工),4.20502E+11,宜昌支队三峡坝区大队,"111.02376,30.80596",2018/11/24,111.02376,30.80596
5.00019E+11,4.20502E+19,坝区-下岸溪检查站(宜坝出口)由东向西,4.20502E+11,宜昌支队三峡坝区大队,"111.11486,30.85302",2019/9/1,111.11486,30.85302
5.00019E+11,4.20502E+19,坝区-下岸溪检查站(宜坝入口)由东向西,4.20502E+11,宜昌支队三峡坝区大队,"111.11453,30.85308",2019/9/3,111.11453,30.85308
5.00019E+11,4.20502E+19,坝区-下岸溪检查站(坝宜入口)由西向东,4.20502E+11,宜昌支队三峡坝区大队,"111.11507,30.8532",2019/9/3,111.11507,30.8532
6.00012E+11,4.20503E+19,伍家-沿江大道王家河路口西向东,4.20503E+11,宜昌支队伍家大队,"111.33931,30.65175",2018/12/1,111.33931,30.65175
6.00341E+11,4.20503E+19,西陵-东山四路锦江大道口南向北,f40e813ad9364cf891bb595f7fbe6c7d,测试,"111.33249,30.73895",2020/5/25,111.33249,30.73895
6.00032E+11,4.20503E+19,伍家-东山大道港窑路南向北卡口,f40e813ad9364cf891bb595f7fbe6c7d,测试,"111.31469,30.68103",2020/5/25,111.31469,30.68103
6.00032E+11,4.20503E+19,伍家-东山大道港窑路西向东卡口,f40e813ad9364cf891bb595f7fbe6c7d,测试,"111.3146,30.6809",2020/5/25,111.3146,30.6809
6.00032E+11,4.20503E+19,伍家-东山大道王家河站西向东卡口,4.20503E+11,宜昌支队伍家大队,"111.31993,30.67539",2019/1/1,111.31993,30.67539
6.00032E+11,4.20503E+19,伍家-东山大道十五中站东向西卡口,4.20503E+11,宜昌支队伍家大队,"111.31993,30.67539",2019/1/1,111.31993,30.67539
6.00022E+11,4.20503E+19,伍家-夷陵大道白沙路口西向东卡口,4.20503E+11,宜昌支队伍家大队,"111.35616,30.64405",2018/12/1,111.35616,30.64405
6.00022E+11,4.20503E+19,伍家-夷陵大道白沙路口北向南卡口,4.20503E+11,宜昌支队伍家大队,"111.35642,30.64427",2018/12/1,111.35642,30.64427
6.00012E+11,4.20503E+19,伍家-沿江大道王家河路段东向西卡口,4.20503E+11,宜昌支队伍家大队,"111.33965,30.65158",2018/12/1,111.33965,30.65158
6.00152E+11,4.20503E+19,伍家-东艳路宜化新天地卡口南向北,4.20503E+11,宜昌支队伍家大队,"111.35019,30.65772",2014/3/21,111.35019,30.65772
6.00012E+11,4.20503E+19,伍家-沿江大道王家河卡口(测速)西向东,4.20503E+11,宜昌支队伍家大队,"111.33812,30.65305",2014/3/13,111.33812,30.65305
6.00042E+11,4.20503E+19,伍家-城东大道中南路口西向东,4.20503E+11,宜昌支队伍家大队,"111.33116,30.67718",2018/12/1,111.33116,30.67718
6.00042E+11,4.20503E+19,伍家-城东大道东站路口西向东,4.20503E+11,宜昌支队伍家大队,"111.37834,30.65551",2018/12/1,111.37834,30.65551
6.00042E+11,4.20503E+19,伍家-城东大道桔城路口东向西,4.20503E+11,宜昌支队伍家大队,"111.36912,30.65669",2015/7/27,111.36912,30.65669
7.00971E+11,4.20503E+19,伍家-中南路岳湾路口东向西,4.20503E+11,宜昌支队伍家大队,"111.33419,30.68486",2017/1/16,111.33419,30.68486
7.00961E+11,4.20503E+19,伍家-松林路岳湾路口东向西,4.20503E+11,宜昌支队伍家大队,"111.34022,30.68405",2017/1/16,111.34022,30.68405
7.00961E+11,4.20503E+19,伍家-松林路岳湾路口西向东,4.20503E+11,宜昌支队伍家大队,"111.34022,30.68405",2017/1/16,111.34022,30.68405
6.00042E+11,4.20503E+19,伍家-城东大道中南路口南向北,4.20503E+11,宜昌支队伍家大队,"111.3316,30.67734",2018/12/1,111.3316,30.67734
6.00042E+11,4.20503E+19,伍家-城东大道中南路口北向南,4.20503E+11,宜昌支队伍家大队,"111.3316,30.67734",2018/12/1,111.3316,30.67734
6.00042E+11,4.20503E+19,伍家-城东大道东艳路口南向北,4.20503E+11,宜昌支队伍家大队,"111.3543,30.6641",2018/12/1,111.3543,30.6641
6.00042E+11,4.20503E+19,伍家-城东大道东艳路口北向南,4.20503E+11,宜昌支队伍家大队,"111.3543,30.6641",2018/12/1,111.3543,30.6641
6.00042E+11,4.20503E+19,伍家-城东大道合益路口南向北,4.20503E+11,宜昌支队伍家大队,"111.3446,30.671",2018/12/1,111.3446,30.671
6.00042E+11,4.20503E+19,伍家-城东大道合益路口北向南,4.20503E+11,宜昌支队伍家大队,"111.3446,30.671",2018/12/1,111.3446,30.671
6.00042E+11,4.20503E+19,伍家-城东大道桔城路口南向北,4.20503E+11,宜昌支队伍家大队,"111.3693,30.6568",2015/7/27,111.3693,30.6568
6.00042E+11,4.20503E+19,伍家-城东大道同强路口南向北,4.20503E+11,宜昌支队伍家大队,"111.3668,30.6584",2018/12/1,111.3668,30.6584
6.00042E+11,4.20503E+19,伍家-城东大道同强路口北向南,4.20503E+11,宜昌支队伍家大队,"111.3668,30.6584",2018/12/1,111.3668,30.6584
7.00971E+11,4.20503E+19,伍家-中南路岳湾路口南向北,4.20503E+11,宜昌支队伍家大队,"111.3339,30.6847",2017/1/16,111.3339,30.6847
7.00971E+11,4.20503E+19,伍家-中南路岳湾路口北向南,4.20503E+11,宜昌支队伍家大队,"111.3339,30.6847",2017/1/16,111.3339,30.6847
7.00961E+11,4.20503E+19,伍家-松林路岳湾路口南向北,4.20503E+11,宜昌支队伍家大队,"111.3399,30.6841",2017/1/16,111.3399,30.6841
7.00961E+11,4.20503E+19,伍家-松林路岳湾路口北向南,4.20503E+11,宜昌支队伍家大队,"111.3399,30.6841",2017/1/16,111.3399,30.6841
7.00069E+11,4.20503E+19,伍家-东站路东艳路口东向西,4.20503E+11,宜昌支队伍家大队,"111.3814,30.66285",2015/5/12,111.3814,30.66285
7.00069E+11,4.20503E+19,伍家-东站路东艳路口西向东,4.20503E+11,宜昌支队伍家大队,"111.3814,30.66285",2015/5/12,111.3814,30.66285
7.00069E+11,4.20503E+19,伍家-东站路东艳路口南向北,4.20503E+11,宜昌支队伍家大队,"111.38118,30.66289",2015/5/12,111.38118,30.66289
7.00069E+11,4.20503E+19,伍家-东站路东艳路口北向南,4.20503E+11,宜昌支队伍家大队,"111.38118,30.66289",2015/5/12,111.38118,30.66289
6.00042E+11,4.20503E+19,伍家-城东大道东站路口南向北,4.20503E+11,宜昌支队伍家大队,"111.37179,30.657772",2018/12/1,111.37179,30.657772
6.00042E+11,4.20503E+19,伍家-城东大道东站路口北向南,4.20503E+11,宜昌支队伍家大队,"111.37179,30.657772",2018/12/1,111.37179,30.657772
6.00042E+11,4.20503E+19,伍家-城东大道合益路口西向东卡口,4.20503E+11,宜昌支队伍家大队,"111.34455,30.67114",2018/12/1,111.34455,30.67114
6.00042E+11,4.20503E+19,伍家-城东大道东艳路口北向南卡口,4.20503E+11,宜昌支队伍家大队,"111.3543,30.6641",2018/12/1,111.3543,30.6641
6.00042E+11,4.20503E+19,伍家-城东大道安琪卡口(测速)东向西,4.20503E+11,宜昌支队伍家大队,"111.34885,30.66876",2014/3/14,111.34885,30.66876
6.04012E+11,4.20504E+19,点军-江南大道五龙路口西向东,4.20504E+11,宜昌支队点军大队,"111.28452,30.67453",2016/9/21,111.28452,30.67453
5.00031E+11,4.20504E+19,点军-点军大道江南大道口西向东,4.20504E+11,宜昌支队点军大队,"111.25923,30.7139",2017/1/9,111.25923,30.7139
5.00031E+11,4.20504E+19,点军-点军大道辅道老年大学路段北向南,4.20504E+11,宜昌支队点军大队,"111.24352,30.71323",2019/8/1,111.24352,30.71323
6.00991E+11,4.20504E+19,西陵-至喜长江大桥桥面进城,4.20502E+11,宜昌支队西陵大队,"111.26384,30.71337",2017/5/1,111.26384,30.71337
6.0401E+11,4.20504E+19,点军-紫阳大道三岔路口东向西卡口,4.20504E+11,宜昌支队点军大队,"111.26662,30.73763",2019/12/25,111.26662,30.73763
6.0401E+11,4.20504E+19,点军-江南大道和达利厂西向东卡口,4.20504E+11,宜昌支队点军大队,"111.25866,30.70894",2017/1/1,111.25866,30.70894
6.04052E+11,4.20504E+19,点军-五龙大道(测速)北向南卡口,4.20504E+11,宜昌支队点军大队,"111.26372,30.67207",2016/3/14,111.26372,30.67207
6.04022E+11,4.20504E+19,点军-夷桥路磁电子厂(测速)南向北卡口,4.20504E+11,宜昌支队点军大队,"111.2761,30.66431",2019/12/25,111.2761,30.66431
6.05112E+11,4.20505E+19,V亭-V亭大道先锋路口东向西,4.20505E+11,宜昌支队V亭大队,"111.42892,30.54547",2014/3/14,111.42892,30.54547
6.05102E+11,4.20505E+19,V亭-金V路金岭路口西向东,4.20505E+11,宜昌支队V亭大队,"111.42876,30.53414",2019/1/1,111.42876,30.53414
6.05042E+11,4.20505E+19,V亭-V亭大道民主路口西向东,4.20505E+11,宜昌支队V亭大队,"111.43198,30.54337",2016/10/20,111.43198,30.54337
6.05042E+11,4.20505E+19,V亭-V亭大道正大路口南向北,4.20505E+11,宜昌支队V亭大队,"111.4398,30.53264",2015/7/27,111.4398,30.53264
6.05102E+11,4.20505E+19,V亭-金V路金岭路口南向北,4.20505E+11,宜昌支队V亭大队,"111.42881,30.53375",2015/11/3,111.42881,30.53375
6.05042E+11,4.20505E+19,V亭-V亭大道南玻路口南向北,4.20505E+11,宜昌支队V亭大队,"111.44972,30.50883",2019/11/25,111.44972,30.50883
6.05032E+11,4.20505E+19,V亭-金岭路亚元路口北向南,4.20505E+11,宜昌支队V亭大队,"111.43435,30.52464",2017/3/23,111.43435,30.52464
6.90366E+11,4.20505E+19,V亭-张家湾路七里冲路口北向南,4.20505E+11,宜昌支队V亭大队,"111.46054,30.55703",2017/4/14,111.46054,30.55703
6.05062E+11,4.20505E+19,V亭-金岭路南玻路口北向南,4.20505E+11,宜昌支队V亭大队,"111.44516,30.50704",2019/11/25,111.44516,30.50704
6.05092E+11,4.20505E+19,V亭-金岭路正大路口南向北,4.20505E+11,宜昌支队V亭大队,"111.43142,30.52896",2019/11/25,111.43142,30.52896
6.05032E+11,4.20505E+19,V亭-金岭路民主路口南向北,4.20505E+11,宜昌支队V亭大队,"111.42667,30.53768",2020/4/28,111.42667,30.53768
6.05032E+11,4.20505E+19,V亭-金岭路迎宾大道路口西向东,4.20505E+11,宜昌支队V亭大队,"111.4365,30.52023",2017/10/23,111.4365,30.52023
6.05042E+11,4.20505E+19,V亭-V亭大道迎宾大道口北向南,4.20505E+11,宜昌支队V亭大队,"111.44429,30.52336",2019/11/25,111.44429,30.52336
7.05032E+11,4.20505E+19,V亭-民主路鸡山路口西向东,4.20505E+11,宜昌支队V亭大队,"111.44907,30.55622",2020/4/28,111.44907,30.55622
6.90336E+11,4.20505E+19,V亭-民主路先锋一路口南向北,4.20505E+11,宜昌支队V亭大队,"111.44218,30.55117",2019/11/25,111.44218,30.55117
6.90366E+11,4.20505E+19,V亭-民主路张家湾路口西向东,4.20505E+11,宜昌支队V亭大队,"111.4571,30.56104",2019/11/25,111.4571,30.56104
6.90366E+11,4.20505E+19,V亭-先锋路张家湾路口东向西,4.20505E+11,宜昌支队V亭大队,"111.45272,30.56658",2018/4/28,111.45272,30.56658
6.90356E+11,4.20505E+19,V亭-先锋路鸡山路口东向西,4.20505E+11,宜昌支队V亭大队,"111.44397,30.56264",2019/11/25,111.44397,30.56264
6.90336E+11,4.20505E+19,V亭-先锋路先锋一路口东向西,4.20505E+11,宜昌支队V亭大队,"111.43674,30.55673",2019/11/26,111.43674,30.55673
6.00912E+11,4.205E+19,白洋-318国道裴太路口南向北,4.205E+11,宜昌支队高新区大队,"111.5306,30.4277",2016/4/12,111.5306,30.4277
6.90229E+11,4.205E+19,高新-福海路财政局门口西向东,4.205E+11,宜昌支队高新区大队,"111.31365,30.70598",2020/4/28,111.31365,30.70598
6.00341E+11,4.20503E+19,西陵-东山四路朝阳路口西向东卡口,4.20502E+11,宜昌支队西陵大队,"111.32739,30.74905",2020/5/18,111.32739,30.74905
7.00241E+11,4.205E+19,高新-桔乡路东站路口东向西,4.205E+11,宜昌支队高新区大队,"111.38491,30.67138",2016/11/4,111.38491,30.67138
7.00241E+11,4.205E+19,高新-桔乡路花溪路口西向东,4.205E+11,宜昌支队高新区大队,"111.40118,30.66462",2016/11/4,111.40118,30.66462
7.00241E+11,4.205E+19,高新-桔乡路百灵路口东向西(道路施工),4.205E+11,宜昌支队高新区大队,"111.41105,30.66271",2016/11/4,111.41105,30.66271
7.00241E+11,4.205E+19,高新-桔乡路百灵路口西向东,4.205E+11,宜昌支队高新区大队,"111.41105,30.66271",2016/11/4,111.41105,30.66271
6.00322E+11,4.205E+19,高新-青岛路大连路口西向东,4.205E+11,宜昌支队高新区大队,"111.3216,30.7001",2017/1/12,111.3216,30.7001
6.00312E+11,4.205E+19,高新-城东大道大连路口南向北,4.205E+11,宜昌支队高新区大队,"111.31787,30.69923",2018/12/1,111.31787,30.69923
6.00112E+11,4.205E+19,高新-城东大道港窑路口南向北,4.205E+11,宜昌支队高新区大队,"111.31906,30.68845",2018/12/1,111.31906,30.68845
6.00112E+11,4.205E+19,高新-城东大道港窑路口北向南,4.205E+11,宜昌支队高新区大队,"111.31906,30.68845",2018/12/1,111.31906,30.68845
6.00232E+11,4.205E+19,高新-发展大道石板铺路口北向南,4.205E+11,宜昌支队高新区大队,"111.3484,30.74004",2019/11/25,111.3484,30.74004
6.00232E+11,4.205E+19,高新-发展大道城东大道口南向北,4.205E+11,宜昌支队高新区大队,"111.31578,30.70541",2018/12/1,111.31578,30.70541
6.00232E+11,4.205E+19,高新-发展大道城东大道口北向南,4.205E+11,宜昌支队高新区大队,"111.31578,30.70541",2018/12/1,111.31578,30.70541
6.00232E+11,4.205E+19,高新-发展大道汕头路口南向北,4.205E+11,宜昌支队高新区大队,"111.32638,30.71455",2018/12/1,111.32638,30.71455
6.00232E+11,4.205E+19,高新-发展大道汕头路口北向南,4.205E+11,宜昌支队高新区大队,"111.32659,30.71476",2018/12/1,111.32659,30.71476
6.00922E+11,4.205E+19,白洋-田家河大道梅子溪路口北向南,4.205E+11,宜昌支队高新区大队,"111.56784,30.37998",2016/4/12,111.56784,30.37998
6.00932E+11,4.205E+19,白洋-田家河大道马家铺路口南向北(道路施工),4.205E+11,宜昌支队高新区大队,"111.56772,30.35504",2016/4/12,111.56772,30.35504
6.00922E+11,4.205E+19,白洋-S225省道梅子溪路口北向南,4.205E+11,宜昌支队高新区大队,"111.56475,30.37897",2016/4/12,111.56475,30.37897
6.05052E+11,4.20505E+19,V亭-机场路民主路口东向西,4.20505E+11,宜昌支队V亭大队,"111.46767,30.56758",2018/11/1,111.46767,30.56758
6.05042E+11,4.20505E+19,V亭-V亭大道正大路口东向西卡口,4.20505E+11,宜昌支队V亭大队,"111.44025,30.5324",2015/7/27,111.44025,30.5324
6.05112E+11,4.20505E+19,V亭-V亭大道先锋路口北向南卡口,4.20505E+11,宜昌支队V亭大队,"111.42889,30.54618",2015/7/27,111.42889,30.54618
7.05032E+11,4.20505E+19,V亭-民主路鸡山路口北向南卡口,4.20505E+11,宜昌支队V亭大队,"111.44942,30.55614",2020/4/28,111.44942,30.55614
6.90336E+11,4.20505E+19,V亭-民主路先锋一路口北向南卡口,4.20505E+11,宜昌支队V亭大队,"111.44267,30.55159",2019/11/26,111.44267,30.55159
6.90366E+11,4.20505E+19,V亭-先锋路张家湾路口北向南卡口,4.20505E+11,宜昌支队V亭大队,"111.45288,30.56699",2019/4/28,111.45288,30.56699
6.90356E+11,4.20505E+19,V亭-先锋路鸡山路口北向南卡口,4.20505E+11,宜昌支队V亭大队,"111.44408,30.5631",2019/11/26,111.44408,30.5631
6.90336E+11,4.20505E+19,V亭-先锋路先锋一路口北向南卡口,4.20505E+11,宜昌支队V亭大队,"111.43682,30.55748",2019/11/26,111.43682,30.55748
6.05052E+11,4.20505E+19,V亭-机场路民主路口南向北卡口,4.20505E+11,宜昌支队V亭大队,"111.46767,30.56758",2018/11/1,111.46767,30.56758
6.05042E+11,4.20505E+19,V亭-宜化路段卡口(测速)西向东,4.20505E+11,宜昌支队V亭大队,"111.44509,30.52092",2014/3/14,111.44509,30.52092
6.0406E+11,4.20506E+19,夷陵-土门大桥卡口东向西,f40e813ad9364cf891bb595f7fbe6c7d,测试,"111.4515,30.67981",2015/10/19,111.4515,30.67981
6.00932E+11,4.205E+19,白洋-田家河大道马家铺路口西向东(道路施工),4.205E+11,宜昌支队高新区大队,"111.56796,30.35533",2016/4/12,111.56796,30.35533
6.00922E+11,4.205E+19,白洋-S225省道梅子溪路口西向东,4.205E+11,宜昌支队高新区大队,"111.56601,30.3791",2016/4/12,111.56601,30.3791
6.00902E+11,4.205E+19,白洋-新民路裴太路口西向东,4.205E+11,宜昌支队高新区大队,"111.52875,30.42468",2016/4/12,111.52875,30.42468
7.00241E+11,4.205E+19,高新-桔乡路东站路口南向北,4.205E+11,宜昌支队高新区大队,"111.38468,30.67101",2016/11/4,111.38468,30.67101
6.00222E+11,4.20502E+19,西陵-西陵二路体育场路西向东卡口,4.20502E+11,宜昌支队西陵大队,"111.29959,30.71021",2020/5/7,111.29959,30.71021
